2026-09-11T01:39:02Z INF Starting tunnel tunnelID=a7a1a3b9-0d58-42e9-97c6-f153b3c5c43c
2026-09-11T01:39:02Z INF Version 2026.7.2 (Checksum c647bfd58ab7fa562d47061853321eb78b7205b110a45fff8f3c53196f3986a5)
2026-09-11T01:39:02Z INF GOOS: darwin, GOVersion: go1.26.5, GoArch: arm64
2026-09-11T01:39:02Z INF Settings: map[config:/Users/jaytarzwell/VR Meet Up/private-quest-lounge/cloudflared-lounge.yml cred-file:/Users/jaytarzwell/.cloudflared/a7a1a3b9-0d58-42e9-97c6-f153b3c5c43c.json credentials-file:/Users/jaytarzwell/.cloudflared/a7a1a3b9-0d58-42e9-97c6-f153b3c5c43c.json]
2026-09-11T01:39:02Z INF cloudflared will not automatically update if installed by a package manager.
2026-09-11T01:39:02Z INF Generated Connector ID: 1a2c0bb2-1667-4d9a-8da2-5778db9d6ba8
2026-09-11T01:39:02Z INF Initial protocol quic
2026-09-11T01:39:02Z INF ICMP proxy will use 10.0.0.29 as source for IPv4
2026-09-11T01:39:02Z INF ICMP proxy will use fe80::1404:bf79:75a6:88f9 in zone en1 as source for IPv6
2026-09-11T01:39:02Z INF Created ICMP proxy listening on 10.0.0.29:0
2026-09-11T01:39:02Z INF ICMP proxy will use 10.0.0.29 as source for IPv4
2026-09-11T01:39:02Z INF ICMP proxy will use fe80::1404:bf79:75a6:88f9 in zone en1 as source for IPv6
2026-09-11T01:39:02Z INF Starting metrics server on 127.0.0.1:20241/metrics
2026-09-11T01:39:02Z INF Tunnel connection curve preferences: [X25519MLKEM768 CurveID(65074) CurveP256] connIndex=0 event=0 ip=2606:4700:a0::10
2026-09-11T01:39:02Z INF +-------------------------------------------------------------------------------------+
2026-09-11T01:39:02Z INF |                               CONNECTIVITY PRE-CHECKS                               |
2026-09-11T01:39:02Z INF +-------------------------------------------------------------------------------------+
2026-09-11T01:39:02Z INF |  COMPONENT         TARGET                     STATUS  DETAILS                       |
2026-09-11T01:39:02Z INF |  DNS Resolution    region1.v2.argotunnel.com  PASS    DNS Resolved successfully     |
2026-09-11T01:39:02Z INF |  DNS Resolution    region2.v2.argotunnel.com  PASS    DNS Resolved successfully     |
2026-09-11T01:39:02Z INF |  UDP Connectivity  region1.v2.argotunnel.com  PASS    QUIC connection successful    |
2026-09-11T01:39:02Z INF |  UDP Connectivity  region2.v2.argotunnel.com  PASS    QUIC connection successful    |
2026-09-11T01:39:02Z INF |  TCP Connectivity  region1.v2.argotunnel.com  PASS    HTTP/2 connection successful  |
2026-09-11T01:39:02Z INF |  TCP Connectivity  region2.v2.argotunnel.com  PASS    HTTP/2 connection successful  |
2026-09-11T01:39:02Z INF |  Cloudflare API    api.cloudflare.com:443     PASS    API is reachable              |
2026-09-11T01:39:02Z INF |                                                                                     |
2026-09-11T01:39:02Z INF |  SUMMARY: Environment is healthy. cloudflared will use 'quic' as primary protocol.  |
2026-09-11T01:39:02Z INF +-------------------------------------------------------------------------------------+
2026-09-11T01:39:02Z INF precheck component="DNS Resolution" details="DNS Resolved successfully" run_id=9fcf38bc-7280-40b1-99be-def40b2ede9e status=pass target=region1.v2.argotunnel.com
2026-09-11T01:39:02Z INF precheck component="DNS Resolution" details="DNS Resolved successfully" run_id=9fcf38bc-7280-40b1-99be-def40b2ede9e status=pass target=region2.v2.argotunnel.com
2026-09-11T01:39:02Z INF precheck component="UDP Connectivity" details="QUIC connection successful" run_id=9fcf38bc-7280-40b1-99be-def40b2ede9e status=pass target=region1.v2.argotunnel.com
2026-09-11T01:39:02Z INF precheck component="UDP Connectivity" details="QUIC connection successful" run_id=9fcf38bc-7280-40b1-99be-def40b2ede9e status=pass target=region2.v2.argotunnel.com
2026-09-11T01:39:02Z INF precheck component="TCP Connectivity" details="HTTP/2 connection successful" run_id=9fcf38bc-7280-40b1-99be-def40b2ede9e status=pass target=region1.v2.argotunnel.com
2026-09-11T01:39:02Z INF precheck component="TCP Connectivity" details="HTTP/2 connection successful" run_id=9fcf38bc-7280-40b1-99be-def40b2ede9e status=pass target=region2.v2.argotunnel.com
2026-09-11T01:39:02Z INF precheck component="Cloudflare API" details="API is reachable" run_id=9fcf38bc-7280-40b1-99be-def40b2ede9e status=pass target=api.cloudflare.com:443
2026-09-11T01:39:02Z INF precheck complete hard_fail=false run_id=9fcf38bc-7280-40b1-99be-def40b2ede9e suggested_protocol=quic
2026-09-11T01:39:03Z INF Registered tunnel connection connIndex=0 connection=14760ae9-ce22-403a-805d-b40a413ee59e event=0 ip=2606:4700:a0::10 location=yul01 protocol=quic
2026-09-11T01:39:03Z INF Tunnel connection curve preferences: [X25519MLKEM768 CurveID(65074) CurveP256] connIndex=1 event=0 ip=2606:4700:a8::8
2026-09-11T01:39:03Z INF Registered tunnel connection connIndex=1 connection=015806c5-eabd-433c-9302-8d2f370537f4 event=0 ip=2606:4700:a8::8 location=yyz04 protocol=quic
2026-09-11T01:39:04Z INF Tunnel connection curve preferences: [X25519MLKEM768 CurveID(65074) CurveP256] connIndex=2 event=0 ip=2606:4700:a8::10
2026-09-11T01:39:04Z INF Registered tunnel connection connIndex=2 connection=75851bea-72bf-440b-92e4-94d4424c9070 event=0 ip=2606:4700:a8::10 location=yyz06 protocol=quic
2026-09-11T01:39:05Z INF Tunnel connection curve preferences: [X25519MLKEM768 CurveID(65074) CurveP256] connIndex=3 event=0 ip=2606:4700:a0::7
2026-09-11T01:39:05Z INF Registered tunnel connection connIndex=3 connection=987cb841-5e7d-4fbc-babb-21bd1c784537 event=0 ip=2606:4700:a0::7 location=yul01 protocol=quic
2026-09-12T01:35:43Z ERR  error="Unable to reach the origin service. The service may be down or it may not be responding to traffic from cloudflared: EOF" connIndex=1 event=1 ingressRule=3 originService=https://localhost:4443
2026-09-12T01:35:43Z ERR Request failed error="Unable to reach the origin service. The service may be down or it may not be responding to traffic from cloudflared: EOF" connIndex=1 dest=https://lounge-voice.thechatbotgenius.com/?roomId=FxjfVW8&peerId=ff0457d3-1e2c-4506-a531-9d217f7765b9 event=0 ip=2606:4700:a8::8 type=ws
2026-09-12T01:35:43Z ERR  error="Unable to reach the origin service. The service may be down or it may not be responding to traffic from cloudflared: EOF" connIndex=3 event=1 ingressRule=3 originService=https://localhost:4443
2026-09-12T01:35:43Z ERR Request failed error="Unable to reach the origin service. The service may be down or it may not be responding to traffic from cloudflared: EOF" connIndex=3 dest=https://lounge-voice.thechatbotgenius.com/?roomId=FxjfVW8&peerId=b73eab22-e978-48da-bc26-53ca9c9be17a event=0 ip=2606:4700:a0::7 type=ws
2026-09-12T01:35:43Z ERR  error="Unable to reach the origin service. The service may be down or it may not be responding to traffic from cloudflared: EOF" connIndex=3 event=1 ingressRule=3 originService=https://localhost:4443
2026-09-12T01:35:43Z ERR Request failed error="Unable to reach the origin service. The service may be down or it may not be responding to traffic from cloudflared: EOF" connIndex=3 dest=https://lounge-voice.thechatbotgenius.com/?roomId=FxjfVW8&peerId=6af700f8-3930-4c75-b168-4a55e4265ac6 event=0 ip=2606:4700:a0::7 type=ws
2026-09-12T01:35:43Z ERR  error="Unable to reach the origin service. The service may be down or it may not be responding to traffic from cloudflared: EOF" connIndex=1 event=1 ingressRule=3 originService=https://localhost:4443
2026-09-12T01:35:43Z ERR Request failed error="Unable to reach the origin service. The service may be down or it may not be responding to traffic from cloudflared: EOF" connIndex=1 dest=https://lounge-voice.thechatbotgenius.com/?roomId=FxjfVW8&peerId=9699c146-ef43-4030-b4dd-0c67fadd5ea7 event=0 ip=2606:4700:a8::8 type=ws
2026-09-12T01:35:43Z ERR  error="Unable to reach the origin service. The service may be down or it may not be responding to traffic from cloudflared: EOF" connIndex=1 event=1 ingressRule=3 originService=https://localhost:4443
2026-09-12T01:35:43Z ERR Request failed error="Unable to reach the origin service. The service may be down or it may not be responding to traffic from cloudflared: EOF" connIndex=1 dest=https://lounge-voice.thechatbotgenius.com/?roomId=FxjfVW8&peerId=c3412d90-a7a4-47c8-ba11-1c41a8fa0f29 event=0 ip=2606:4700:a8::8 type=ws
2026-09-12T01:35:43Z ERR  error="Unable to reach the origin service. The service may be down or it may not be responding to traffic from cloudflared: EOF" connIndex=1 event=1 ingressRule=3 originService=https://localhost:4443
2026-09-12T01:35:43Z ERR Request failed error="Unable to reach the origin service. The service may be down or it may not be responding to traffic from cloudflared: EOF" connIndex=1 dest=https://lounge-voice.thechatbotgenius.com/?roomId=FxjfVW8&peerId=011f97bf-21c6-4e10-886c-bb5c8715d93c event=0 ip=2606:4700:a8::8 type=ws
2026-09-12T01:35:43Z ERR  error="Unable to reach the origin service. The service may be down or it may not be responding to traffic from cloudflared: EOF" connIndex=3 event=1 ingressRule=3 originService=https://localhost:4443
2026-09-12T01:35:43Z ERR Request failed error="Unable to reach the origin service. The service may be down or it may not be responding to traffic from cloudflared: EOF" connIndex=3 dest=https://lounge-voice.thechatbotgenius.com/?roomId=FxjfVW8&peerId=db5b18a8-310b-4de2-82dd-531fe0b51d75 event=0 ip=2606:4700:a0::7 type=ws
2026-09-12T01:35:43Z ERR  error="Unable to reach the origin service. The service may be down or it may not be responding to traffic from cloudflared: EOF" connIndex=1 event=1 ingressRule=3 originService=https://localhost:4443
2026-09-12T01:35:43Z ERR Request failed error="Unable to reach the origin service. The service may be down or it may not be responding to traffic from cloudflared: EOF" connIndex=1 dest=https://lounge-voice.thechatbotgenius.com/?roomId=FxjfVW8&peerId=c638b09f-066d-431d-95b9-1973e0a49eb6 event=0 ip=2606:4700:a8::8 type=ws
2026-09-12T01:35:43Z ERR  error="Unable to reach the origin service. The service may be down or it may not be responding to traffic from cloudflared: EOF" connIndex=3 event=1 ingressRule=3 originService=https://localhost:4443
2026-09-12T01:35:43Z ERR Request failed error="Unable to reach the origin service. The service may be down or it may not be responding to traffic from cloudflared: EOF" connIndex=3 dest=https://lounge-voice.thechatbotgenius.com/?roomId=FxjfVW8&peerId=0b970975-8b8b-4116-88bb-f2cfc4959e84 event=0 ip=2606:4700:a0::7 type=ws
2026-09-12T01:35:43Z ERR  error="Unable to reach the origin service. The service may be down or it may not be responding to traffic from cloudflared: EOF" connIndex=2 event=1 ingressRule=3 originService=https://localhost:4443
2026-09-12T01:35:43Z ERR Request failed error="Unable to reach the origin service. The service may be down or it may not be responding to traffic from cloudflared: EOF" connIndex=2 dest=https://lounge-voice.thechatbotgenius.com/?roomId=FxjfVW8&peerId=76f53797-4529-4650-9dc4-ffb4ebc06e29 event=0 ip=2606:4700:a8::10 type=ws
2026-09-12T01:35:43Z ERR  error="Unable to reach the origin service. The service may be down or it may not be responding to traffic from cloudflared: EOF" connIndex=3 event=1 ingressRule=3 originService=https://localhost:4443
2026-09-12T01:35:43Z ERR Request failed error="Unable to reach the origin service. The service may be down or it may not be responding to traffic from cloudflared: EOF" connIndex=3 dest=https://lounge-voice.thechatbotgenius.com/?roomId=FxjfVW8&peerId=3fd2b7f8-d67b-4e89-b0d9-2ae2df758249 event=0 ip=2606:4700:a0::7 type=ws
2026-09-12T01:35:43Z ERR  error="Unable to reach the origin service. The service may be down or it may not be responding to traffic from cloudflared: EOF" connIndex=1 event=1 ingressRule=3 originService=https://localhost:4443
2026-09-12T01:35:43Z ERR Request failed error="Unable to reach the origin service. The service may be down or it may not be responding to traffic from cloudflared: EOF" connIndex=1 dest=https://lounge-voice.thechatbotgenius.com/?roomId=FxjfVW8&peerId=f3d7fcae-db49-43d2-ad89-b7470ee06698 event=0 ip=2606:4700:a8::8 type=ws
2026-09-12T01:35:43Z ERR  error="Unable to reach the origin service. The service may be down or it may not be responding to traffic from cloudflared: EOF" connIndex=3 event=1 ingressRule=3 originService=https://localhost:4443
2026-09-12T01:35:43Z ERR Request failed error="Unable to reach the origin service. The service may be down or it may not be responding to traffic from cloudflared: EOF" connIndex=3 dest=https://lounge-voice.thechatbotgenius.com/?roomId=FxjfVW8&peerId=f5bd3716-50e0-4f98-a872-f0cc28d0bb12 event=0 ip=2606:4700:a0::7 type=ws
2026-09-12T01:35:43Z ERR  error="Unable to reach the origin service. The service may be down or it may not be responding to traffic from cloudflared: EOF" connIndex=3 event=1 ingressRule=3 originService=https://localhost:4443
2026-09-12T01:35:43Z ERR Request failed error="Unable to reach the origin service. The service may be down or it may not be responding to traffic from cloudflared: EOF" connIndex=3 dest=https://lounge-voice.thechatbotgenius.com/?roomId=FxjfVW8&peerId=6af700f8-3930-4c75-b168-4a55e4265ac6 event=0 ip=2606:4700:a0::7 type=ws
2026-09-12T01:35:44Z ERR  error="Unable to reach the origin service. The service may be down or it may not be responding to traffic from cloudflared: EOF" connIndex=1 event=1 ingressRule=3 originService=https://localhost:4443
2026-09-12T01:35:44Z ERR Request failed error="Unable to reach the origin service. The service may be down or it may not be responding to traffic from cloudflared: EOF" connIndex=1 dest=https://lounge-voice.thechatbotgenius.com/?roomId=FxjfVW8&peerId=1d52c41e-0694-46db-a219-0a939adc4704 event=0 ip=2606:4700:a8::8 type=ws
2026-09-12T01:35:44Z ERR  error="Unable to reach the origin service. The service may be down or it may not be responding to traffic from cloudflared: EOF" connIndex=1 event=1 ingressRule=3 originService=https://localhost:4443
2026-09-12T01:35:44Z ERR Request failed error="Unable to reach the origin service. The service may be down or it may not be responding to traffic from cloudflared: EOF" connIndex=1 dest=https://lounge-voice.thechatbotgenius.com/?roomId=FxjfVW8&peerId=9699c146-ef43-4030-b4dd-0c67fadd5ea7 event=0 ip=2606:4700:a8::8 type=ws
2026-09-12T01:35:44Z ERR  error="Unable to reach the origin service. The service may be down or it may not be responding to traffic from cloudflared: EOF" connIndex=3 event=1 ingressRule=3 originService=https://localhost:4443
2026-09-12T01:35:44Z ERR Request failed error="Unable to reach the origin service. The service may be down or it may not be responding to traffic from cloudflared: EOF" connIndex=3 dest=https://lounge-voice.thechatbotgenius.com/?roomId=FxjfVW8&peerId=fc8e3fda-54d3-471c-886f-5c6f35b388df event=0 ip=2606:4700:a0::7 type=ws
2026-09-12T01:35:44Z ERR  error="Unable to reach the origin service. The service may be down or it may not be responding to traffic from cloudflared: EOF" connIndex=1 event=1 ingressRule=3 originService=https://localhost:4443
2026-09-12T01:35:44Z ERR Request failed error="Unable to reach the origin service. The service may be down or it may not be responding to traffic from cloudflared: EOF" connIndex=1 dest=https://lounge-voice.thechatbotgenius.com/?roomId=FxjfVW8&peerId=3678fcfe-f591-4592-ab58-efe500b6c15c event=0 ip=2606:4700:a8::8 type=ws
2026-09-12T01:35:44Z ERR  error="Unable to reach the origin service. The service may be down or it may not be responding to traffic from cloudflared: EOF" connIndex=3 event=1 ingressRule=3 originService=https://localhost:4443
2026-09-12T01:35:44Z ERR Request failed error="Unable to reach the origin service. The service may be down or it may not be responding to traffic from cloudflared: EOF" connIndex=3 dest=https://lounge-voice.thechatbotgenius.com/?roomId=FxjfVW8&peerId=b73eab22-e978-48da-bc26-53ca9c9be17a event=0 ip=2606:4700:a0::7 type=ws
2026-09-12T01:35:44Z ERR  error="Unable to reach the origin service. The service may be down or it may not be responding to traffic from cloudflared: EOF" connIndex=1 event=1 ingressRule=3 originService=https://localhost:4443
2026-09-12T01:35:44Z ERR Request failed error="Unable to reach the origin service. The service may be down or it may not be responding to traffic from cloudflared: EOF" connIndex=1 dest=https://lounge-voice.thechatbotgenius.com/?roomId=FxjfVW8&peerId=011f97bf-21c6-4e10-886c-bb5c8715d93c event=0 ip=2606:4700:a8::8 type=ws
2026-09-12T01:35:44Z ERR  error="Unable to reach the origin service. The service may be down or it may not be responding to traffic from cloudflared: EOF" connIndex=1 event=1 ingressRule=3 originService=https://localhost:4443
2026-09-12T01:35:44Z ERR Request failed error="Unable to reach the origin service. The service may be down or it may not be responding to traffic from cloudflared: EOF" connIndex=1 dest=https://lounge-voice.thechatbotgenius.com/?roomId=FxjfVW8&peerId=c638b09f-066d-431d-95b9-1973e0a49eb6 event=0 ip=2606:4700:a8::8 type=ws
2026-09-12T01:35:44Z ERR  error="Unable to reach the origin service. The service may be down or it may not be responding to traffic from cloudflared: EOF" connIndex=3 event=1 ingressRule=3 originService=https://localhost:4443
2026-09-12T01:35:44Z ERR Request failed error="Unable to reach the origin service. The service may be down or it may not be responding to traffic from cloudflared: EOF" connIndex=3 dest=https://lounge-voice.thechatbotgenius.com/?roomId=FxjfVW8&peerId=c3412d90-a7a4-47c8-ba11-1c41a8fa0f29 event=0 ip=2606:4700:a0::7 type=ws
2026-09-12T01:35:44Z ERR  error="Unable to reach the origin service. The service may be down or it may not be responding to traffic from cloudflared: EOF" connIndex=1 event=1 ingressRule=3 originService=https://localhost:4443
2026-09-12T01:35:44Z ERR Request failed error="Unable to reach the origin service. The service may be down or it may not be responding to traffic from cloudflared: EOF" connIndex=1 dest=https://lounge-voice.thechatbotgenius.com/?roomId=FxjfVW8&peerId=ff0457d3-1e2c-4506-a531-9d217f7765b9 event=0 ip=2606:4700:a8::8 type=ws
2026-09-12T01:35:44Z ERR  error="Unable to reach the origin service. The service may be down or it may not be responding to traffic from cloudflared: EOF" connIndex=3 event=1 ingressRule=3 originService=https://localhost:4443
2026-09-12T01:35:44Z ERR Request failed error="Unable to reach the origin service. The service may be down or it may not be responding to traffic from cloudflared: EOF" connIndex=3 dest=https://lounge-voice.thechatbotgenius.com/?roomId=FxjfVW8&peerId=db5b18a8-310b-4de2-82dd-531fe0b51d75 event=0 ip=2606:4700:a0::7 type=ws
2026-09-12T01:35:45Z ERR  error="Unable to reach the origin service. The service may be down or it may not be responding to traffic from cloudflared: EOF" connIndex=1 event=1 ingressRule=3 originService=https://localhost:4443
2026-09-12T01:35:45Z ERR Request failed error="Unable to reach the origin service. The service may be down or it may not be responding to traffic from cloudflared: EOF" connIndex=1 dest=https://lounge-voice.thechatbotgenius.com/?roomId=FxjfVW8&peerId=fc8e3fda-54d3-471c-886f-5c6f35b388df event=0 ip=2606:4700:a8::8 type=ws
2026-09-12T01:35:45Z ERR  error="Unable to reach the origin service. The service may be down or it may not be responding to traffic from cloudflared: EOF" connIndex=3 event=1 ingressRule=3 originService=https://localhost:4443
2026-09-12T01:35:45Z ERR Request failed error="Unable to reach the origin service. The service may be down or it may not be responding to traffic from cloudflared: EOF" connIndex=3 dest=https://lounge-voice.thechatbotgenius.com/?roomId=FxjfVW8&peerId=b73eab22-e978-48da-bc26-53ca9c9be17a event=0 ip=2606:4700:a0::7 type=ws
2026-09-12T01:35:45Z ERR  error="Unable to reach the origin service. The service may be down or it may not be responding to traffic from cloudflared: EOF" connIndex=1 event=1 ingressRule=3 originService=https://localhost:4443
2026-09-12T01:35:45Z ERR Request failed error="Unable to reach the origin service. The service may be down or it may not be responding to traffic from cloudflared: EOF" connIndex=1 dest=https://lounge-voice.thechatbotgenius.com/?roomId=FxjfVW8&peerId=1d52c41e-0694-46db-a219-0a939adc4704 event=0 ip=2606:4700:a8::8 type=ws
2026-09-12T01:35:45Z ERR  error="Unable to reach the origin service. The service may be down or it may not be responding to traffic from cloudflared: EOF" connIndex=3 event=1 ingressRule=3 originService=https://localhost:4443
2026-09-12T01:35:45Z ERR Request failed error="Unable to reach the origin service. The service may be down or it may not be responding to traffic from cloudflared: EOF" connIndex=3 dest=https://lounge-voice.thechatbotgenius.com/?roomId=FxjfVW8&peerId=6af700f8-3930-4c75-b168-4a55e4265ac6 event=0 ip=2606:4700:a0::7 type=ws
2026-09-12T01:35:45Z ERR  error="Unable to reach the origin service. The service may be down or it may not be responding to traffic from cloudflared: EOF" connIndex=3 event=1 ingressRule=3 originService=https://localhost:4443
2026-09-12T01:35:45Z ERR Request failed error="Unable to reach the origin service. The service may be down or it may not be responding to traffic from cloudflared: EOF" connIndex=3 dest=https://lounge-voice.thechatbotgenius.com/?roomId=FxjfVW8&peerId=0b970975-8b8b-4116-88bb-f2cfc4959e84 event=0 ip=2606:4700:a0::7 type=ws
2026-09-12T01:35:45Z ERR  error="Unable to reach the origin service. The service may be down or it may not be responding to traffic from cloudflared: EOF" connIndex=1 event=1 ingressRule=3 originService=https://localhost:4443
2026-09-12T01:35:45Z ERR Request failed error="Unable to reach the origin service. The service may be down or it may not be responding to traffic from cloudflared: EOF" connIndex=1 dest=https://lounge-voice.thechatbotgenius.com/?roomId=FxjfVW8&peerId=f3d7fcae-db49-43d2-ad89-b7470ee06698 event=0 ip=2606:4700:a8::8 type=ws
2026-09-12T01:35:45Z ERR  error="Unable to reach the origin service. The service may be down or it may not be responding to traffic from cloudflared: EOF" connIndex=1 event=1 ingressRule=3 originService=https://localhost:4443
2026-09-12T01:35:45Z ERR Request failed error="Unable to reach the origin service. The service may be down or it may not be responding to traffic from cloudflared: EOF" connIndex=1 dest=https://lounge-voice.thechatbotgenius.com/?roomId=FxjfVW8&peerId=9699c146-ef43-4030-b4dd-0c67fadd5ea7 event=0 ip=2606:4700:a8::8 type=ws
2026-09-12T01:35:45Z ERR  error="Unable to reach the origin service. The service may be down or it may not be responding to traffic from cloudflared: EOF" connIndex=1 event=1 ingressRule=3 originService=https://localhost:4443
2026-09-12T01:35:45Z ERR Request failed error="Unable to reach the origin service. The service may be down or it may not be responding to traffic from cloudflared: EOF" connIndex=1 dest=https://lounge-voice.thechatbotgenius.com/?roomId=FxjfVW8&peerId=3fd2b7f8-d67b-4e89-b0d9-2ae2df758249 event=0 ip=2606:4700:a8::8 type=ws
2026-09-12T01:35:45Z ERR  error="Unable to reach the origin service. The service may be down or it may not be responding to traffic from cloudflared: EOF" connIndex=3 event=1 ingressRule=3 originService=https://localhost:4443
2026-09-12T01:35:45Z ERR Request failed error="Unable to reach the origin service. The service may be down or it may not be responding to traffic from cloudflared: EOF" connIndex=3 dest=https://lounge-voice.thechatbotgenius.com/?roomId=FxjfVW8&peerId=f5bd3716-50e0-4f98-a872-f0cc28d0bb12 event=0 ip=2606:4700:a0::7 type=ws
2026-09-12T01:35:46Z ERR  error="Unable to reach the origin service. The service may be down or it may not be responding to traffic from cloudflared: EOF" connIndex=1 event=1 ingressRule=3 originService=https://localhost:4443
2026-09-12T01:35:46Z ERR Request failed error="Unable to reach the origin service. The service may be down or it may not be responding to traffic from cloudflared: EOF" connIndex=1 dest=https://lounge-voice.thechatbotgenius.com/?roomId=FxjfVW8&peerId=76f53797-4529-4650-9dc4-ffb4ebc06e29 event=0 ip=2606:4700:a8::8 type=ws
2026-09-12T01:35:46Z ERR  error="Unable to reach the origin service. The service may be down or it may not be responding to traffic from cloudflared: EOF" connIndex=3 event=1 ingressRule=3 originService=https://localhost:4443
2026-09-12T01:35:46Z ERR Request failed error="Unable to reach the origin service. The service may be down or it may not be responding to traffic from cloudflared: EOF" connIndex=3 dest=https://lounge-voice.thechatbotgenius.com/?roomId=FxjfVW8&peerId=3678fcfe-f591-4592-ab58-efe500b6c15c event=0 ip=2606:4700:a0::7 type=ws
2026-09-12T01:35:46Z ERR  error="Unable to reach the origin service. The service may be down or it may not be responding to traffic from cloudflared: EOF" connIndex=1 event=1 ingressRule=3 originService=https://localhost:4443
2026-09-12T01:35:46Z ERR Request failed error="Unable to reach the origin service. The service may be down or it may not be responding to traffic from cloudflared: EOF" connIndex=1 dest=https://lounge-voice.thechatbotgenius.com/?roomId=FxjfVW8&peerId=ff0457d3-1e2c-4506-a531-9d217f7765b9 event=0 ip=2606:4700:a8::8 type=ws
2026-09-12T01:35:46Z ERR  error="Unable to reach the origin service. The service may be down or it may not be responding to traffic from cloudflared: EOF" connIndex=1 event=1 ingressRule=3 originService=https://localhost:4443
2026-09-12T01:35:46Z ERR Request failed error="Unable to reach the origin service. The service may be down or it may not be responding to traffic from cloudflared: EOF" connIndex=1 dest=https://lounge-voice.thechatbotgenius.com/?roomId=FxjfVW8&peerId=011f97bf-21c6-4e10-886c-bb5c8715d93c event=0 ip=2606:4700:a8::8 type=ws
2026-09-12T01:35:46Z ERR  error="Unable to reach the origin service. The service may be down or it may not be responding to traffic from cloudflared: EOF" connIndex=3 event=1 ingressRule=3 originService=https://localhost:4443
2026-09-12T01:35:46Z ERR Request failed error="Unable to reach the origin service. The service may be down or it may not be responding to traffic from cloudflared: EOF" connIndex=3 dest=https://lounge-voice.thechatbotgenius.com/?roomId=FxjfVW8&peerId=c638b09f-066d-431d-95b9-1973e0a49eb6 event=0 ip=2606:4700:a0::7 type=ws
2026-09-12T01:35:46Z ERR  error="Unable to reach the origin service. The service may be down or it may not be responding to traffic from cloudflared: EOF" connIndex=1 event=1 ingressRule=3 originService=https://localhost:4443
2026-09-12T01:35:46Z ERR Request failed error="Unable to reach the origin service. The service may be down or it may not be responding to traffic from cloudflared: EOF" connIndex=1 dest=https://lounge-voice.thechatbotgenius.com/?roomId=FxjfVW8&peerId=db5b18a8-310b-4de2-82dd-531fe0b51d75 event=0 ip=2606:4700:a8::8 type=ws
2026-09-12T01:35:47Z ERR  error="Unable to reach the origin service. The service may be down or it may not be responding to traffic from cloudflared: EOF" connIndex=1 event=1 ingressRule=3 originService=https://localhost:4443
2026-09-12T01:35:47Z ERR Request failed error="Unable to reach the origin service. The service may be down or it may not be responding to traffic from cloudflared: EOF" connIndex=1 dest=https://lounge-voice.thechatbotgenius.com/?roomId=FxjfVW8&peerId=3fd2b7f8-d67b-4e89-b0d9-2ae2df758249 event=0 ip=2606:4700:a8::8 type=ws
2026-09-12T01:35:47Z ERR  error="Unable to reach the origin service. The service may be down or it may not be responding to traffic from cloudflared: EOF" connIndex=1 event=1 ingressRule=3 originService=https://localhost:4443
2026-09-12T01:35:47Z ERR Request failed error="Unable to reach the origin service. The service may be down or it may not be responding to traffic from cloudflared: EOF" connIndex=1 dest=https://lounge-voice.thechatbotgenius.com/?roomId=FxjfVW8&peerId=0b970975-8b8b-4116-88bb-f2cfc4959e84 event=0 ip=2606:4700:a8::8 type=ws
2026-09-12T01:35:47Z ERR  error="Unable to reach the origin service. The service may be down or it may not be responding to traffic from cloudflared: EOF" connIndex=3 event=1 ingressRule=3 originService=https://localhost:4443
2026-09-12T01:35:47Z ERR Request failed error="Unable to reach the origin service. The service may be down or it may not be responding to traffic from cloudflared: EOF" connIndex=3 dest=https://lounge-voice.thechatbotgenius.com/?roomId=FxjfVW8&peerId=1d52c41e-0694-46db-a219-0a939adc4704 event=0 ip=2606:4700:a0::7 type=ws
2026-09-12T01:35:47Z ERR  error="Unable to reach the origin service. The service may be down or it may not be responding to traffic from cloudflared: EOF" connIndex=1 event=1 ingressRule=3 originService=https://localhost:4443
2026-09-12T01:35:47Z ERR Request failed error="Unable to reach the origin service. The service may be down or it may not be responding to traffic from cloudflared: EOF" connIndex=1 dest=https://lounge-voice.thechatbotgenius.com/?roomId=FxjfVW8&peerId=c3412d90-a7a4-47c8-ba11-1c41a8fa0f29 event=0 ip=2606:4700:a8::8 type=ws
2026-09-12T01:35:47Z ERR  error="Unable to reach the origin service. The service may be down or it may not be responding to traffic from cloudflared: EOF" connIndex=3 event=1 ingressRule=3 originService=https://localhost:4443
2026-09-12T01:35:47Z ERR Request failed error="Unable to reach the origin service. The service may be down or it may not be responding to traffic from cloudflared: EOF" connIndex=3 dest=https://lounge-voice.thechatbotgenius.com/?roomId=FxjfVW8&peerId=6af700f8-3930-4c75-b168-4a55e4265ac6 event=0 ip=2606:4700:a0::7 type=ws
2026-09-12T01:35:47Z ERR  error="Unable to reach the origin service. The service may be down or it may not be responding to traffic from cloudflared: EOF" connIndex=3 event=1 ingressRule=3 originService=https://localhost:4443
2026-09-12T01:35:47Z ERR Request failed error="Unable to reach the origin service. The service may be down or it may not be responding to traffic from cloudflared: EOF" connIndex=3 dest=https://lounge-voice.thechatbotgenius.com/?roomId=FxjfVW8&peerId=fc8e3fda-54d3-471c-886f-5c6f35b388df event=0 ip=2606:4700:a0::7 type=ws
2026-09-12T01:35:47Z ERR  error="Unable to reach the origin service. The service may be down or it may not be responding to traffic from cloudflared: EOF" connIndex=1 event=1 ingressRule=3 originService=https://localhost:4443
2026-09-12T01:35:47Z ERR Request failed error="Unable to reach the origin service. The service may be down or it may not be responding to traffic from cloudflared: EOF" connIndex=1 dest=https://lounge-voice.thechatbotgenius.com/?roomId=FxjfVW8&peerId=3678fcfe-f591-4592-ab58-efe500b6c15c event=0 ip=2606:4700:a8::8 type=ws
2026-09-12T01:35:48Z ERR  error="Unable to reach the origin service. The service may be down or it may not be responding to traffic from cloudflared: EOF" connIndex=3 event=1 ingressRule=3 originService=https://localhost:4443
2026-09-12T01:35:48Z ERR Request failed error="Unable to reach the origin service. The service may be down or it may not be responding to traffic from cloudflared: EOF" connIndex=3 dest=https://lounge-voice.thechatbotgenius.com/?roomId=FxjfVW8&peerId=b73eab22-e978-48da-bc26-53ca9c9be17a event=0 ip=2606:4700:a0::7 type=ws
2026-09-12T01:35:48Z ERR  error="Unable to reach the origin service. The service may be down or it may not be responding to traffic from cloudflared: dial tcp [::1]:4443: connect: connection refused" connIndex=1 event=1 ingressRule=3 originService=https://localhost:4443
2026-09-12T01:35:48Z ERR Request failed error="Unable to reach the origin service. The service may be down or it may not be responding to traffic from cloudflared: dial tcp [::1]:4443: connect: connection refused" connIndex=1 dest=https://lounge-voice.thechatbotgenius.com/?roomId=FxjfVW8&peerId=f5bd3716-50e0-4f98-a872-f0cc28d0bb12 event=0 ip=2606:4700:a8::8 type=ws
2026-09-12T01:35:48Z ERR  error="Unable to reach the origin service. The service may be down or it may not be responding to traffic from cloudflared: dial tcp [::1]:4443: connect: connection refused" connIndex=1 event=1 ingressRule=3 originService=https://localhost:4443
2026-09-12T01:35:48Z ERR Request failed error="Unable to reach the origin service. The service may be down or it may not be responding to traffic from cloudflared: dial tcp [::1]:4443: connect: connection refused" connIndex=1 dest=https://lounge-voice.thechatbotgenius.com/?roomId=FxjfVW8&peerId=9699c146-ef43-4030-b4dd-0c67fadd5ea7 event=0 ip=2606:4700:a8::8 type=ws
2026-09-12T01:35:48Z ERR  error="Unable to reach the origin service. The service may be down or it may not be responding to traffic from cloudflared: dial tcp [::1]:4443: connect: connection refused" connIndex=1 event=1 ingressRule=3 originService=https://localhost:4443
2026-09-12T01:35:48Z ERR Request failed error="Unable to reach the origin service. The service may be down or it may not be responding to traffic from cloudflared: dial tcp [::1]:4443: connect: connection refused" connIndex=1 dest=https://lounge-voice.thechatbotgenius.com/?roomId=FxjfVW8&peerId=76f53797-4529-4650-9dc4-ffb4ebc06e29 event=0 ip=2606:4700:a8::8 type=ws
2026-09-12T01:35:48Z ERR  error="Unable to reach the origin service. The service may be down or it may not be responding to traffic from cloudflared: dial tcp [::1]:4443: connect: connection refused" connIndex=1 event=1 ingressRule=3 originService=https://localhost:4443
2026-09-12T01:35:48Z ERR Request failed error="Unable to reach the origin service. The service may be down or it may not be responding to traffic from cloudflared: dial tcp [::1]:4443: connect: connection refused" connIndex=1 dest=https://lounge-voice.thechatbotgenius.com/?roomId=FxjfVW8&peerId=011f97bf-21c6-4e10-886c-bb5c8715d93c event=0 ip=2606:4700:a8::8 type=ws
2026-09-12T01:35:48Z ERR  error="Unable to reach the origin service. The service may be down or it may not be responding to traffic from cloudflared: EOF" connIndex=3 event=1 ingressRule=3 originService=https://localhost:4443
2026-09-12T01:35:48Z ERR Request failed error="Unable to reach the origin service. The service may be down or it may not be responding to traffic from cloudflared: EOF" connIndex=3 dest=https://lounge-voice.thechatbotgenius.com/?roomId=FxjfVW8&peerId=f3d7fcae-db49-43d2-ad89-b7470ee06698 event=0 ip=2606:4700:a0::7 type=ws
2026-09-12T01:39:03Z WRN Your version 2026.7.2 is outdated. We recommend upgrading it to 2026.9.1
2026-09-12T01:39:08Z ERR  error="Unable to reach the origin service. The service may be down or it may not be responding to traffic from cloudflared: read tcp [::1]:55638->[::1]:4443: read: connection reset by peer" connIndex=2 event=1 ingressRule=3 originService=https://localhost:4443
2026-09-12T01:39:08Z ERR Request failed error="Unable to reach the origin service. The service may be down or it may not be responding to traffic from cloudflared: read tcp [::1]:55638->[::1]:4443: read: connection reset by peer" connIndex=2 dest=https://lounge-voice.thechatbotgenius.com/?roomId=FxjfVW8&peerId=9699c146-ef43-4030-b4dd-0c67fadd5ea7 event=0 ip=2606:4700:a8::10 type=ws
2026-09-12T01:39:08Z ERR  error="Unable to reach the origin service. The service may be down or it may not be responding to traffic from cloudflared: read tcp [::1]:55639->[::1]:4443: read: connection reset by peer" connIndex=3 event=1 ingressRule=3 originService=https://localhost:4443
2026-09-12T01:39:08Z ERR Request failed error="Unable to reach the origin service. The service may be down or it may not be responding to traffic from cloudflared: read tcp [::1]:55639->[::1]:4443: read: connection reset by peer" connIndex=3 dest=https://lounge-voice.thechatbotgenius.com/?roomId=FxjfVW8&peerId=3e94cfd7-50dc-4c7b-af59-82979af9ba9f event=0 ip=2606:4700:a0::7 type=ws
2026-09-12T01:39:08Z ERR  error="Unable to reach the origin service. The service may be down or it may not be responding to traffic from cloudflared: read tcp [::1]:55640->[::1]:4443: read: connection reset by peer" connIndex=3 event=1 ingressRule=3 originService=https://localhost:4443
2026-09-12T01:39:08Z ERR Request failed error="Unable to reach the origin service. The service may be down or it may not be responding to traffic from cloudflared: read tcp [::1]:55640->[::1]:4443: read: connection reset by peer" connIndex=3 dest=https://lounge-voice.thechatbotgenius.com/?roomId=FxjfVW8&peerId=b73eab22-e978-48da-bc26-53ca9c9be17a event=0 ip=2606:4700:a0::7 type=ws
2026-09-12T01:39:09Z ERR  error="Unable to reach the origin service. The service may be down or it may not be responding to traffic from cloudflared: read tcp [::1]:55643->[::1]:4443: read: connection reset by peer" connIndex=1 event=1 ingressRule=3 originService=https://localhost:4443
2026-09-12T01:39:09Z ERR Request failed error="Unable to reach the origin service. The service may be down or it may not be responding to traffic from cloudflared: read tcp [::1]:55643->[::1]:4443: read: connection reset by peer" connIndex=1 dest=https://lounge-voice.thechatbotgenius.com/?roomId=FxjfVW8&peerId=9699c146-ef43-4030-b4dd-0c67fadd5ea7 event=0 ip=2606:4700:a8::8 type=ws
2026-09-12T01:39:09Z ERR  error="Unable to reach the origin service. The service may be down or it may not be responding to traffic from cloudflared: read tcp [::1]:55644->[::1]:4443: read: connection reset by peer" connIndex=3 event=1 ingressRule=3 originService=https://localhost:4443
2026-09-12T01:39:09Z ERR Request failed error="Unable to reach the origin service. The service may be down or it may not be responding to traffic from cloudflared: read tcp [::1]:55644->[::1]:4443: read: connection reset by peer" connIndex=3 dest=https://lounge-voice.thechatbotgenius.com/?roomId=FxjfVW8&peerId=3e94cfd7-50dc-4c7b-af59-82979af9ba9f event=0 ip=2606:4700:a0::7 type=ws
2026-09-12T01:39:09Z ERR  error="Unable to reach the origin service. The service may be down or it may not be responding to traffic from cloudflared: read tcp [::1]:55645->[::1]:4443: read: connection reset by peer" connIndex=3 event=1 ingressRule=3 originService=https://localhost:4443
2026-09-12T01:39:09Z ERR Request failed error="Unable to reach the origin service. The service may be down or it may not be responding to traffic from cloudflared: read tcp [::1]:55645->[::1]:4443: read: connection reset by peer" connIndex=3 dest=https://lounge-voice.thechatbotgenius.com/?roomId=FxjfVW8&peerId=b73eab22-e978-48da-bc26-53ca9c9be17a event=0 ip=2606:4700:a0::7 type=ws
2026-09-12T01:39:10Z ERR  error="Unable to reach the origin service. The service may be down or it may not be responding to traffic from cloudflared: read tcp [::1]:55647->[::1]:4443: read: connection reset by peer" connIndex=3 event=1 ingressRule=3 originService=https://localhost:4443
2026-09-12T01:39:10Z ERR Request failed error="Unable to reach the origin service. The service may be down or it may not be responding to traffic from cloudflared: read tcp [::1]:55647->[::1]:4443: read: connection reset by peer" connIndex=3 dest=https://lounge-voice.thechatbotgenius.com/?roomId=FxjfVW8&peerId=b73eab22-e978-48da-bc26-53ca9c9be17a event=0 ip=2606:4700:a0::7 type=ws
2026-09-12T01:39:11Z ERR  error="Unable to reach the origin service. The service may be down or it may not be responding to traffic from cloudflared: read tcp [::1]:55648->[::1]:4443: read: connection reset by peer" connIndex=3 event=1 ingressRule=3 originService=https://localhost:4443
2026-09-12T01:39:11Z ERR Request failed error="Unable to reach the origin service. The service may be down or it may not be responding to traffic from cloudflared: read tcp [::1]:55648->[::1]:4443: read: connection reset by peer" connIndex=3 dest=https://lounge-voice.thechatbotgenius.com/?roomId=FxjfVW8&peerId=3e94cfd7-50dc-4c7b-af59-82979af9ba9f event=0 ip=2606:4700:a0::7 type=ws
2026-09-12T01:39:11Z ERR  error="Unable to reach the origin service. The service may be down or it may not be responding to traffic from cloudflared: read tcp [::1]:55649->[::1]:4443: read: connection reset by peer" connIndex=2 event=1 ingressRule=3 originService=https://localhost:4443
2026-09-12T01:39:11Z ERR Request failed error="Unable to reach the origin service. The service may be down or it may not be responding to traffic from cloudflared: read tcp [::1]:55649->[::1]:4443: read: connection reset by peer" connIndex=2 dest=https://lounge-voice.thechatbotgenius.com/?roomId=FxjfVW8&peerId=9699c146-ef43-4030-b4dd-0c67fadd5ea7 event=0 ip=2606:4700:a8::10 type=ws
2026-09-12T01:39:12Z ERR  error="Unable to reach the origin service. The service may be down or it may not be responding to traffic from cloudflared: read tcp [::1]:55652->[::1]:4443: read: connection reset by peer" connIndex=1 event=1 ingressRule=3 originService=https://localhost:4443
2026-09-12T01:39:12Z ERR Request failed error="Unable to reach the origin service. The service may be down or it may not be responding to traffic from cloudflared: read tcp [::1]:55652->[::1]:4443: read: connection reset by peer" connIndex=1 dest=https://lounge-voice.thechatbotgenius.com/?roomId=FxjfVW8&peerId=9699c146-ef43-4030-b4dd-0c67fadd5ea7 event=0 ip=2606:4700:a8::8 type=ws
2026-09-12T01:39:13Z ERR  error="Unable to reach the origin service. The service may be down or it may not be responding to traffic from cloudflared: dial tcp [::1]:4443: connect: connection refused" connIndex=3 event=1 ingressRule=3 originService=https://localhost:4443
2026-09-12T01:39:13Z ERR Request failed error="Unable to reach the origin service. The service may be down or it may not be responding to traffic from cloudflared: dial tcp [::1]:4443: connect: connection refused" connIndex=3 dest=https://lounge-voice.thechatbotgenius.com/?roomId=FxjfVW8&peerId=b73eab22-e978-48da-bc26-53ca9c9be17a event=0 ip=2606:4700:a0::7 type=ws
2026-09-13T01:39:03Z WRN Your version 2026.7.2 is outdated. We recommend upgrading it to 2026.9.1
2026-09-14T01:39:03Z WRN Your version 2026.7.2 is outdated. We recommend upgrading it to 2026.9.1
2026-09-15T01:39:04Z WRN Your version 2026.7.2 is outdated. We recommend upgrading it to 2026.9.1
2026-09-15T07:25:16Z ERR failed to run the datagram handler error="timeout: no recent network activity" connIndex=3 event=0 ip=2606:4700:a0::7
2026-09-15T07:25:16Z ERR failed to accept incoming stream requests error="failed to accept QUIC stream: timeout: no recent network activity" connIndex=3 event=0 ip=2606:4700:a0::7
2026-09-15T07:25:16Z WRN failed to serve tunnel connection error="datagram manager encountered a failure while serving" connIndex=3 event=0 ip=2606:4700:a0::7
2026-09-15T07:25:16Z WRN Serve tunnel error error="datagram manager encountered a failure while serving" connIndex=3 event=0 ip=2606:4700:a0::7
2026-09-15T07:25:16Z INF Retrying connection in up to 1s connIndex=3 event=0 ip=2606:4700:a0::7
2026-09-15T07:25:16Z ERR Failed to refresh protocol error="lookup protocol-v2.argotunnel.com on 100.100.100.100:53: no such host"
2026-09-15T07:25:16Z ERR failed to accept incoming stream requests error="failed to accept QUIC stream: timeout: no recent network activity" connIndex=2 event=0 ip=2606:4700:a8::10
2026-09-15T07:25:16Z WRN Connection terminated error="datagram manager encountered a failure while serving" connIndex=3
2026-09-15T07:25:16Z ERR failed to run the datagram handler error="timeout: no recent network activity" connIndex=2 event=0 ip=2606:4700:a8::10
2026-09-15T07:25:16Z WRN failed to serve tunnel connection error="accept stream listener encountered a failure while serving" connIndex=2 event=0 ip=2606:4700:a8::10
2026-09-15T07:25:16Z WRN Serve tunnel error error="accept stream listener encountered a failure while serving" connIndex=2 event=0 ip=2606:4700:a8::10
2026-09-15T07:25:16Z INF Retrying connection in up to 1s connIndex=2 event=0 ip=2606:4700:a8::10
2026-09-15T07:25:17Z ERR failed to accept incoming stream requests error="failed to accept QUIC stream: timeout: no recent network activity" connIndex=0 event=0 ip=2606:4700:a0::10
2026-09-15T07:25:17Z ERR failed to run the datagram handler error="timeout: no recent network activity" connIndex=0 event=0 ip=2606:4700:a0::10
2026-09-15T07:25:17Z WRN failed to serve tunnel connection error="accept stream listener encountered a failure while serving" connIndex=0 event=0 ip=2606:4700:a0::10
2026-09-15T07:25:17Z WRN Serve tunnel error error="accept stream listener encountered a failure while serving" connIndex=0 event=0 ip=2606:4700:a0::10
2026-09-15T07:25:17Z INF Retrying connection in up to 1s connIndex=0 event=0 ip=2606:4700:a0::10
2026-09-15T07:25:17Z ERR failed to accept incoming stream requests error="failed to accept QUIC stream: timeout: no recent network activity" connIndex=1 event=0 ip=2606:4700:a8::8
2026-09-15T07:25:17Z ERR failed to run the datagram handler error="timeout: no recent network activity" connIndex=1 event=0 ip=2606:4700:a8::8
2026-09-15T07:25:17Z ERR failed to serve tunnel connection error="accept stream listener encountered a failure while serving" connIndex=1 event=0 ip=2606:4700:a8::8
2026-09-15T07:25:17Z ERR Serve tunnel error error="accept stream listener encountered a failure while serving" connIndex=1 event=0 ip=2606:4700:a8::8
2026-09-15T07:25:17Z INF Retrying connection in up to 1s connIndex=1 event=0 ip=2606:4700:a8::8
2026-09-15T07:25:17Z ERR Failed to refresh protocol error="lookup protocol-v2.argotunnel.com on 100.100.100.100:53: no such host"
2026-09-15T07:25:17Z INF Tunnel connection curve preferences: [X25519MLKEM768 CurveID(65074) CurveP256] connIndex=0 event=0 ip=2606:4700:a0::10
2026-09-15T07:25:17Z ERR Failed to dial a quic connection error="failed to dial to edge with quic: write udp6 [::]:55536->[2606:4700:a0::10]:7844: sendmsg: no route to host" connIndex=0 event=0 ip=2606:4700:a0::10
2026-09-15T07:25:17Z INF Retrying connection in up to 4s connIndex=0 event=0 ip=2606:4700:a0::10
2026-09-15T07:25:18Z ERR Failed to refresh protocol error="lookup protocol-v2.argotunnel.com on 100.100.100.100:53: no such host"
2026-09-15T07:25:18Z ERR Connection terminated error="accept stream listener encountered a failure while serving" connIndex=2
2026-09-15T07:25:18Z ERR Failed to refresh protocol error="lookup protocol-v2.argotunnel.com on 100.100.100.100:53: no such host"
2026-09-15T07:25:18Z ERR Connection terminated error="accept stream listener encountered a failure while serving" connIndex=1
2026-09-15T07:25:21Z INF Tunnel connection curve preferences: [X25519MLKEM768 CurveID(65074) CurveP256] connIndex=0 event=0 ip=198.41.192.107
2026-09-15T07:25:21Z ERR Failed to dial a quic connection error="failed to dial to edge with quic: write udp4 0.0.0.0:55536->198.41.192.107:7844: sendmsg: network is unreachable" connIndex=0 event=0 ip=198.41.192.107
2026-09-15T07:25:21Z INF Retrying connection in up to 8s connIndex=0 event=0 ip=198.41.192.107
2026-09-15T07:25:21Z INF Tunnel connection curve preferences: [X25519MLKEM768 CurveID(65074) CurveP256] connIndex=0 event=0 ip=2606:4700:a0::1
2026-09-15T07:25:21Z ERR Failed to dial a quic connection error="failed to dial to edge with quic: write udp6 [::]:55536->[2606:4700:a0::1]:7844: sendmsg: no route to host" connIndex=0 event=0 ip=2606:4700:a0::1
2026-09-15T07:25:21Z INF Retrying connection in up to 16s connIndex=0 event=0 ip=2606:4700:a0::1
2026-09-15T07:25:24Z INF Tunnel connection curve preferences: [X25519MLKEM768 CurveID(65074) CurveP256] connIndex=2 event=0 ip=2606:4700:a8::10
2026-09-15T07:25:24Z INF Tunnel connection curve preferences: [X25519MLKEM768 CurveID(65074) CurveP256] connIndex=3 event=0 ip=2606:4700:a0::7
2026-09-15T07:25:24Z INF Tunnel connection curve preferences: [X25519MLKEM768 CurveID(65074) CurveP256] connIndex=1 event=0 ip=2606:4700:a8::8
2026-09-15T07:25:24Z ERR Failed to dial a quic connection error="failed to dial to edge with quic: write udp6 [::]:49909->[2606:4700:a8::10]:7844: sendmsg: no route to host" connIndex=2 event=0 ip=2606:4700:a8::10
2026-09-15T07:25:24Z INF Retrying connection in up to 4s connIndex=2 event=0 ip=2606:4700:a8::10
2026-09-15T07:25:24Z ERR Failed to dial a quic connection error="failed to dial to edge with quic: write udp6 [::]:52551->[2606:4700:a0::7]:7844: sendmsg: no route to host" connIndex=3 event=0 ip=2606:4700:a0::7
2026-09-15T07:25:24Z INF Retrying connection in up to 4s connIndex=3 event=0 ip=2606:4700:a0::7
2026-09-15T07:25:24Z ERR Failed to dial a quic connection error="failed to dial to edge with quic: write udp6 [::]:53854->[2606:4700:a8::8]:7844: sendmsg: no route to host" connIndex=1 event=0 ip=2606:4700:a8::8
2026-09-15T07:25:24Z INF Retrying connection in up to 4s connIndex=1 event=0 ip=2606:4700:a8::8
2026-09-15T07:25:25Z ERR Connection terminated error="failed to dial to edge with quic: write udp6 [::]:49909->[2606:4700:a8::10]:7844: sendmsg: no route to host" connIndex=2
2026-09-15T07:25:25Z ERR Connection terminated error="failed to dial to edge with quic: write udp6 [::]:52551->[2606:4700:a0::7]:7844: sendmsg: no route to host" connIndex=3
2026-09-15T07:25:26Z ERR Connection terminated error="failed to dial to edge with quic: write udp6 [::]:53854->[2606:4700:a8::8]:7844: sendmsg: no route to host" connIndex=1
2026-09-15T07:25:30Z INF Tunnel connection curve preferences: [X25519MLKEM768 CurveID(65074) CurveP256] connIndex=0 event=0 ip=198.41.192.47
2026-09-15T07:25:30Z ERR Failed to dial a quic connection error="failed to dial to edge with quic: write udp4 0.0.0.0:55536->198.41.192.47:7844: sendmsg: network is unreachable" connIndex=0 event=0 ip=198.41.192.47
2026-09-15T07:25:30Z INF Retrying connection in up to 32s connIndex=0 event=0 ip=198.41.192.47
2026-09-15T07:25:35Z INF Tunnel connection curve preferences: [X25519MLKEM768 CurveID(65074) CurveP256] connIndex=0 event=0 ip=2606:4700:a0::4
2026-09-15T07:25:35Z ERR Failed to dial a quic connection error="failed to dial to edge with quic: write udp6 [::]:55536->[2606:4700:a0::4]:7844: sendmsg: no route to host" connIndex=0 event=0 ip=2606:4700:a0::4
2026-09-15T07:25:35Z INF Retrying connection in up to 1m4s connIndex=0 event=0 ip=2606:4700:a0::4
2026-09-15T07:25:46Z INF Tunnel connection curve preferences: [X25519MLKEM768 CurveID(65074) CurveP256] connIndex=0 event=0 ip=198.41.192.107
2026-09-15T07:25:46Z ERR Failed to dial a quic connection error="failed to dial to edge with quic: write udp4 0.0.0.0:55536->198.41.192.107:7844: sendmsg: network is unreachable" connIndex=0 event=0 ip=198.41.192.107
2026-09-15T07:25:46Z INF Retrying connection in up to 1m4s connIndex=0 event=0 ip=198.41.192.107
2026-09-15T07:25:53Z INF Tunnel connection curve preferences: [X25519MLKEM768 CurveID(65074) CurveP256] connIndex=0 event=0 ip=2606:4700:a0::5
2026-09-15T07:25:53Z ERR Failed to dial a quic connection error="failed to dial to edge with quic: write udp6 [::]:55536->[2606:4700:a0::5]:7844: sendmsg: no route to host" connIndex=0 event=0 ip=2606:4700:a0::5
2026-09-15T07:25:53Z INF Retrying connection in up to 1m4s connIndex=0 event=0 ip=2606:4700:a0::5
2026-09-15T07:26:01Z INF Tunnel connection curve preferences: [X25519MLKEM768 CurveID(65074) CurveP256] connIndex=1 event=0 ip=198.41.192.227
2026-09-15T07:26:01Z INF Tunnel connection curve preferences: [X25519MLKEM768 CurveID(65074) CurveP256] connIndex=2 event=0 ip=198.41.200.193
2026-09-15T07:26:01Z INF Tunnel connection curve preferences: [X25519MLKEM768 CurveID(65074) CurveP256] connIndex=3 event=0 ip=198.41.200.73
2026-09-15T07:26:01Z ERR Failed to dial a quic connection error="failed to dial to edge with quic: write udp4 0.0.0.0:53854->198.41.192.227:7844: sendmsg: network is unreachable" connIndex=1 event=0 ip=198.41.192.227
2026-09-15T07:26:01Z INF Retrying connection in up to 8s connIndex=1 event=0 ip=198.41.192.227
2026-09-15T07:26:01Z ERR Failed to dial a quic connection error="failed to dial to edge with quic: write udp4 0.0.0.0:52551->198.41.200.73:7844: sendmsg: network is unreachable" connIndex=3 event=0 ip=198.41.200.73
2026-09-15T07:26:01Z ERR Failed to dial a quic connection error="failed to dial to edge with quic: write udp4 0.0.0.0:49909->198.41.200.193:7844: sendmsg: network is unreachable" connIndex=2 event=0 ip=198.41.200.193
2026-09-15T07:26:01Z INF Retrying connection in up to 8s connIndex=3 event=0 ip=198.41.200.73
2026-09-15T07:26:01Z INF Retrying connection in up to 8s connIndex=2 event=0 ip=198.41.200.193
2026-09-15T07:26:02Z ERR Connection terminated error="failed to dial to edge with quic: write udp4 0.0.0.0:53854->198.41.192.227:7844: sendmsg: network is unreachable" connIndex=1
2026-09-15T07:26:05Z ERR Connection terminated error="failed to dial to edge with quic: write udp4 0.0.0.0:52551->198.41.200.73:7844: sendmsg: network is unreachable" connIndex=3
2026-09-15T07:26:05Z ERR Connection terminated error="failed to dial to edge with quic: write udp4 0.0.0.0:49909->198.41.200.193:7844: sendmsg: network is unreachable" connIndex=2
2026-09-15T07:26:24Z INF Tunnel connection curve preferences: [X25519MLKEM768 CurveID(65074) CurveP256] connIndex=0 event=0 ip=198.41.192.107
2026-09-15T07:26:24Z ERR Failed to dial a quic connection error="failed to dial to edge with quic: write udp4 0.0.0.0:55536->198.41.192.107:7844: sendmsg: network is unreachable" connIndex=0 event=0 ip=198.41.192.107
2026-09-15T07:26:24Z INF Retrying connection in up to 1m4s connIndex=0 event=0 ip=198.41.192.107
2026-09-15T07:26:46Z INF Tunnel connection curve preferences: [X25519MLKEM768 CurveID(65074) CurveP256] connIndex=0 event=0 ip=2606:4700:a0::5
2026-09-15T07:26:46Z ERR Failed to dial a quic connection error="failed to dial to edge with quic: write udp6 [::]:55536->[2606:4700:a0::5]:7844: sendmsg: no route to host" connIndex=0 event=0 ip=2606:4700:a0::5
2026-09-15T07:26:46Z INF Retrying connection in up to 1m4s connIndex=0 event=0 ip=2606:4700:a0::5
2026-09-15T07:26:59Z ERR Failed to refresh protocol error="lookup protocol-v2.argotunnel.com on 100.100.100.100:53: no such host"
2026-09-15T07:26:59Z INF Tunnel connection curve preferences: [X25519MLKEM768 CurveID(65074) CurveP256] connIndex=0 event=0 ip=198.41.192.107
2026-09-15T07:26:59Z ERR Failed to dial a quic connection error="failed to dial to edge with quic: write udp4 0.0.0.0:55536->198.41.192.107:7844: sendmsg: network is unreachable" connIndex=0 event=0 ip=198.41.192.107
2026-09-15T07:26:59Z INF Retrying connection in up to 1m4s connIndex=0 event=0 ip=198.41.192.107
2026-09-15T07:27:22Z INF Tunnel connection curve preferences: [X25519MLKEM768 CurveID(65074) CurveP256] connIndex=2 event=0 ip=2606:4700:a8::2
2026-09-15T07:27:22Z INF Tunnel connection curve preferences: [X25519MLKEM768 CurveID(65074) CurveP256] connIndex=1 event=0 ip=2606:4700:a0::6
2026-09-15T07:27:22Z INF Tunnel connection curve preferences: [X25519MLKEM768 CurveID(65074) CurveP256] connIndex=3 event=0 ip=2606:4700:a8::6
2026-09-15T07:27:22Z ERR Failed to dial a quic connection error="failed to dial to edge with quic: write udp6 [::]:53854->[2606:4700:a0::6]:7844: sendmsg: no route to host" connIndex=1 event=0 ip=2606:4700:a0::6
2026-09-15T07:27:22Z INF Retrying connection in up to 16s connIndex=1 event=0 ip=2606:4700:a0::6
2026-09-15T07:27:22Z ERR Failed to dial a quic connection error="failed to dial to edge with quic: write udp6 [::]:52551->[2606:4700:a8::6]:7844: sendmsg: no route to host" connIndex=3 event=0 ip=2606:4700:a8::6
2026-09-15T07:27:22Z INF Retrying connection in up to 16s connIndex=3 event=0 ip=2606:4700:a8::6
2026-09-15T07:27:22Z ERR Failed to dial a quic connection error="failed to dial to edge with quic: write udp6 [::]:49909->[2606:4700:a8::2]:7844: sendmsg: no route to host" connIndex=2 event=0 ip=2606:4700:a8::2
2026-09-15T07:27:22Z INF Retrying connection in up to 16s connIndex=2 event=0 ip=2606:4700:a8::2
2026-09-15T07:27:27Z INF Tunnel connection curve preferences: [X25519MLKEM768 CurveID(65074) CurveP256] connIndex=0 event=0 ip=2606:4700:a0::10
2026-09-15T07:27:27Z ERR Failed to dial a quic connection error="failed to dial to edge with quic: write udp6 [::]:55536->[2606:4700:a0::10]:7844: sendmsg: no route to host" connIndex=0 event=0 ip=2606:4700:a0::10
2026-09-15T07:27:27Z INF Retrying connection in up to 1m4s connIndex=0 event=0 ip=2606:4700:a0::10
2026-09-15T07:27:27Z ERR Connection terminated error="failed to dial to edge with quic: write udp6 [::]:49909->[2606:4700:a8::2]:7844: sendmsg: no route to host" connIndex=2
2026-09-15T07:27:31Z ERR Connection terminated error="failed to dial to edge with quic: write udp6 [::]:53854->[2606:4700:a0::6]:7844: sendmsg: no route to host" connIndex=1
2026-09-15T07:27:34Z ERR Connection terminated error="failed to dial to edge with quic: write udp6 [::]:52551->[2606:4700:a8::6]:7844: sendmsg: no route to host" connIndex=3
2026-09-15T07:27:45Z INF Tunnel connection curve preferences: [X25519MLKEM768 CurveID(65074) CurveP256] connIndex=0 event=0 ip=198.41.200.23
2026-09-15T07:27:45Z INF Registered tunnel connection connIndex=0 connection=a908e519-391d-4aa0-b00d-273e3a40fadb event=0 ip=198.41.200.23 location=yyz06 protocol=quic
2026-09-15T07:27:47Z ERR unable to send local configuration error="rpc: connection closed"
2026-09-15T07:27:47Z ERR failed to accept incoming stream requests error="failed to accept QUIC stream: write udp4 0.0.0.0:55536->198.41.200.23:7844: sendmsg: network is unreachable" connIndex=0 event=0 ip=198.41.200.23
2026-09-15T07:27:47Z ERR failed to run the datagram handler error="write udp4 0.0.0.0:55536->198.41.200.23:7844: sendmsg: network is unreachable" connIndex=0 event=0 ip=198.41.200.23
2026-09-15T07:27:47Z ERR failed to serve tunnel connection error="accept stream listener encountered a failure while serving" connIndex=0 event=0 ip=198.41.200.23
2026-09-15T07:27:47Z ERR Serve tunnel error error="accept stream listener encountered a failure while serving" connIndex=0 event=0 ip=198.41.200.23
2026-09-15T07:27:47Z INF Retrying connection in up to 1s connIndex=0 event=0 ip=198.41.200.23
2026-09-15T07:27:49Z INF Tunnel connection curve preferences: [X25519MLKEM768 CurveID(65074) CurveP256] connIndex=0 event=0 ip=198.41.200.23
2026-09-15T07:27:54Z ERR Failed to dial a quic connection error="failed to dial to edge with quic: timeout: no recent network activity" connIndex=0 event=0 ip=198.41.200.23
2026-09-15T07:27:54Z INF Retrying connection in up to 4s connIndex=0 event=0 ip=198.41.200.23
2026-09-15T07:27:56Z INF Tunnel connection curve preferences: [X25519MLKEM768 CurveID(65074) CurveP256] connIndex=0 event=0 ip=2606:4700:a8::6
2026-09-15T07:27:56Z INF Registered tunnel connection connIndex=0 connection=d8582344-b8c7-4a5c-97b4-4075bdc44e16 event=0 ip=2606:4700:a8::6 location=yyz04 protocol=quic
2026-09-15T07:29:00Z INF Tunnel connection curve preferences: [X25519MLKEM768 CurveID(65074) CurveP256] connIndex=1 event=0 ip=198.41.192.167
2026-09-15T07:29:00Z INF Tunnel connection curve preferences: [X25519MLKEM768 CurveID(65074) CurveP256] connIndex=2 event=0 ip=198.41.192.57
2026-09-15T07:29:00Z INF Tunnel connection curve preferences: [X25519MLKEM768 CurveID(65074) CurveP256] connIndex=3 event=0 ip=198.41.200.63
2026-09-15T07:29:00Z INF Registered tunnel connection connIndex=3 connection=4d2cb01f-966a-4aa0-9ca7-a48c27e97bcc event=0 ip=198.41.200.63 location=yyz06 protocol=quic
2026-09-15T07:29:00Z INF Registered tunnel connection connIndex=1 connection=1404065a-3d12-4873-a675-48333ed47789 event=0 ip=198.41.192.167 location=yul01 protocol=quic
2026-09-15T07:29:00Z INF Registered tunnel connection connIndex=2 connection=f2238f59-1e06-44b5-bb3f-d278b3f83de4 event=0 ip=198.41.192.57 location=yul01 protocol=quic
2026-09-16T01:39:04Z WRN Your version 2026.7.2 is outdated. We recommend upgrading it to 2026.9.1
2026-09-17T01:39:04Z WRN Your version 2026.7.2 is outdated. We recommend upgrading it to 2026.9.1
2026-09-18T01:39:05Z WRN Your version 2026.7.2 is outdated. We recommend upgrading it to 2026.9.1
2026-09-19T01:39:05Z WRN Your version 2026.7.2 is outdated. We recommend upgrading it to 2026.9.1
2026-09-20T01:39:05Z WRN Your version 2026.7.2 is outdated. We recommend upgrading it to 2026.9.1
2026-09-21T01:39:05Z WRN Your version 2026.7.2 is outdated. We recommend upgrading it to 2026.9.1
2026-09-22T01:39:06Z WRN Your version 2026.7.2 is outdated. We recommend upgrading it to 2026.9.1
2026-09-22T07:20:21Z ERR failed to accept incoming stream requests error="failed to accept QUIC stream: timeout: no recent network activity" connIndex=0 event=0 ip=2606:4700:a8::6
2026-09-22T07:20:21Z ERR failed to run the datagram handler error="timeout: no recent network activity" connIndex=0 event=0 ip=2606:4700:a8::6
2026-09-22T07:20:21Z WRN failed to serve tunnel connection error="accept stream listener encountered a failure while serving" connIndex=0 event=0 ip=2606:4700:a8::6
2026-09-22T07:20:21Z WRN Serve tunnel error error="accept stream listener encountered a failure while serving" connIndex=0 event=0 ip=2606:4700:a8::6
2026-09-22T07:20:21Z INF Retrying connection in up to 1s connIndex=0 event=0 ip=2606:4700:a8::6
2026-09-22T07:20:22Z INF Tunnel connection curve preferences: [X25519MLKEM768 CurveID(65074) CurveP256] connIndex=0 event=0 ip=2606:4700:a8::6
2026-09-22T07:20:23Z INF Registered tunnel connection connIndex=0 connection=02b89fe6-b7d9-44f3-85d9-a5b0291cb366 event=0 ip=2606:4700:a8::6 location=yyz06 protocol=quic
2026-09-22T07:46:49Z ERR failed to run the datagram handler error="timeout: no recent network activity" connIndex=2 event=0 ip=198.41.192.57
2026-09-22T07:46:49Z ERR failed to accept incoming stream requests error="failed to accept QUIC stream: timeout: no recent network activity" connIndex=2 event=0 ip=198.41.192.57
2026-09-22T07:46:49Z WRN failed to serve tunnel connection error="datagram manager encountered a failure while serving" connIndex=2 event=0 ip=198.41.192.57
2026-09-22T07:46:49Z WRN Serve tunnel error error="datagram manager encountered a failure while serving" connIndex=2 event=0 ip=198.41.192.57
2026-09-22T07:46:49Z INF Retrying connection in up to 1s connIndex=2 event=0 ip=198.41.192.57
2026-09-22T07:46:49Z ERR failed to accept incoming stream requests error="failed to accept QUIC stream: timeout: no recent network activity" connIndex=0 event=0 ip=2606:4700:a8::6
2026-09-22T07:46:49Z ERR failed to run the datagram handler error="context canceled" connIndex=0 event=0 ip=2606:4700:a8::6
2026-09-22T07:46:49Z WRN failed to serve tunnel connection error="accept stream listener encountered a failure while serving" connIndex=0 event=0 ip=2606:4700:a8::6
2026-09-22T07:46:49Z WRN Serve tunnel error error="accept stream listener encountered a failure while serving" connIndex=0 event=0 ip=2606:4700:a8::6
2026-09-22T07:46:49Z INF Retrying connection in up to 1s connIndex=0 event=0 ip=2606:4700:a8::6
2026-09-22T07:46:50Z ERR failed to run the datagram handler error="timeout: no recent network activity" connIndex=1 event=0 ip=198.41.192.167
2026-09-22T07:46:50Z ERR failed to accept incoming stream requests error="failed to accept QUIC stream: timeout: no recent network activity" connIndex=1 event=0 ip=198.41.192.167
2026-09-22T07:46:50Z WRN failed to serve tunnel connection error="datagram manager encountered a failure while serving" connIndex=1 event=0 ip=198.41.192.167
2026-09-22T07:46:50Z WRN Serve tunnel error error="datagram manager encountered a failure while serving" connIndex=1 event=0 ip=198.41.192.167
2026-09-22T07:46:50Z INF Retrying connection in up to 1s connIndex=1 event=0 ip=198.41.192.167
2026-09-22T07:46:50Z ERR failed to accept incoming stream requests error="failed to accept QUIC stream: timeout: no recent network activity" connIndex=3 event=0 ip=198.41.200.63
2026-09-22T07:46:50Z ERR failed to run the datagram handler error="timeout: no recent network activity" connIndex=3 event=0 ip=198.41.200.63
2026-09-22T07:46:50Z ERR failed to serve tunnel connection error="accept stream listener encountered a failure while serving" connIndex=3 event=0 ip=198.41.200.63
2026-09-22T07:46:50Z ERR Serve tunnel error error="accept stream listener encountered a failure while serving" connIndex=3 event=0 ip=198.41.200.63
2026-09-22T07:46:50Z INF Retrying connection in up to 1s connIndex=3 event=0 ip=198.41.200.63
2026-09-22T07:46:50Z ERR Connection terminated error="datagram manager encountered a failure while serving" connIndex=1
2026-09-22T07:46:50Z ERR Connection terminated error="datagram manager encountered a failure while serving" connIndex=2
2026-09-22T07:46:51Z INF Tunnel connection curve preferences: [X25519MLKEM768 CurveID(65074) CurveP256] connIndex=0 event=0 ip=2606:4700:a8::6
2026-09-22T07:46:51Z ERR Connection terminated error="accept stream listener encountered a failure while serving" connIndex=3
2026-09-22T07:46:56Z ERR Failed to dial a quic connection error="failed to dial to edge with quic: timeout: no recent network activity" connIndex=0 event=0 ip=2606:4700:a8::6
2026-09-22T07:46:56Z INF Retrying connection in up to 4s connIndex=0 event=0 ip=2606:4700:a8::6
2026-09-22T07:46:59Z INF Tunnel connection curve preferences: [X25519MLKEM768 CurveID(65074) CurveP256] connIndex=0 event=0 ip=198.41.200.23
2026-09-22T07:47:02Z ERR Failed to dial a quic connection error="failed to dial to edge with quic: write udp4 0.0.0.0:55536->198.41.200.23:7844: sendmsg: network is unreachable" connIndex=0 event=0 ip=198.41.200.23
2026-09-22T07:47:02Z INF Retrying connection in up to 8s connIndex=0 event=0 ip=198.41.200.23
2026-09-22T07:47:08Z INF Tunnel connection curve preferences: [X25519MLKEM768 CurveID(65074) CurveP256] connIndex=1 event=0 ip=198.41.192.167
2026-09-22T07:47:08Z INF Tunnel connection curve preferences: [X25519MLKEM768 CurveID(65074) CurveP256] connIndex=3 event=0 ip=198.41.200.63
2026-09-22T07:47:08Z INF Tunnel connection curve preferences: [X25519MLKEM768 CurveID(65074) CurveP256] connIndex=2 event=0 ip=198.41.192.57
2026-09-22T07:47:08Z ERR Failed to dial a quic connection error="failed to dial to edge with quic: write udp4 0.0.0.0:53854->198.41.192.167:7844: sendmsg: network is unreachable" connIndex=1 event=0 ip=198.41.192.167
2026-09-22T07:47:08Z ERR Failed to dial a quic connection error="failed to dial to edge with quic: write udp4 0.0.0.0:52551->198.41.200.63:7844: sendmsg: network is unreachable" connIndex=3 event=0 ip=198.41.200.63
2026-09-22T07:47:08Z INF Retrying connection in up to 4s connIndex=1 event=0 ip=198.41.192.167
2026-09-22T07:47:08Z INF Retrying connection in up to 4s connIndex=3 event=0 ip=198.41.200.63
2026-09-22T07:47:08Z ERR Failed to dial a quic connection error="failed to dial to edge with quic: write udp4 0.0.0.0:49909->198.41.192.57:7844: sendmsg: network is unreachable" connIndex=2 event=0 ip=198.41.192.57
2026-09-22T07:47:08Z INF Retrying connection in up to 4s connIndex=2 event=0 ip=198.41.192.57
2026-09-22T07:47:08Z ERR Connection terminated error="failed to dial to edge with quic: write udp4 0.0.0.0:52551->198.41.200.63:7844: sendmsg: network is unreachable" connIndex=3
2026-09-22T07:47:09Z ERR Connection terminated error="failed to dial to edge with quic: write udp4 0.0.0.0:49909->198.41.192.57:7844: sendmsg: network is unreachable" connIndex=2
2026-09-22T07:47:09Z INF Tunnel connection curve preferences: [X25519MLKEM768 CurveID(65074) CurveP256] connIndex=0 event=0 ip=2606:4700:a8::6
2026-09-22T07:47:09Z ERR Failed to dial a quic connection error="failed to dial to edge with quic: write udp6 [::]:55536->[2606:4700:a8::6]:7844: sendmsg: no route to host" connIndex=0 event=0 ip=2606:4700:a8::6
2026-09-22T07:47:09Z INF Retrying connection in up to 16s connIndex=0 event=0 ip=2606:4700:a8::6
2026-09-22T07:47:11Z INF Tunnel connection curve preferences: [X25519MLKEM768 CurveID(65074) CurveP256] connIndex=2 event=0 ip=2606:4700:a0::10
2026-09-22T07:47:11Z INF Tunnel connection curve preferences: [X25519MLKEM768 CurveID(65074) CurveP256] connIndex=3 event=0 ip=2606:4700:a8::8
2026-09-22T07:47:11Z ERR Failed to dial a quic connection error="failed to dial to edge with quic: write udp6 [::]:52551->[2606:4700:a8::8]:7844: sendmsg: no route to host" connIndex=3 event=0 ip=2606:4700:a8::8
2026-09-22T07:47:11Z ERR Failed to dial a quic connection error="failed to dial to edge with quic: write udp6 [::]:49909->[2606:4700:a0::10]:7844: sendmsg: no route to host" connIndex=2 event=0 ip=2606:4700:a0::10
2026-09-22T07:47:11Z INF Retrying connection in up to 8s connIndex=3 event=0 ip=2606:4700:a8::8
2026-09-22T07:47:11Z INF Retrying connection in up to 8s connIndex=2 event=0 ip=2606:4700:a0::10
2026-09-22T07:47:12Z ERR Connection terminated error="failed to dial to edge with quic: write udp4 0.0.0.0:53854->198.41.192.167:7844: sendmsg: network is unreachable" connIndex=1
2026-09-22T07:47:16Z ERR Connection terminated error="failed to dial to edge with quic: write udp6 [::]:52551->[2606:4700:a8::8]:7844: sendmsg: no route to host" connIndex=3
2026-09-22T07:47:16Z ERR Connection terminated error="failed to dial to edge with quic: write udp6 [::]:49909->[2606:4700:a0::10]:7844: sendmsg: no route to host" connIndex=2
2026-09-22T07:47:22Z INF Tunnel connection curve preferences: [X25519MLKEM768 CurveID(65074) CurveP256] connIndex=0 event=0 ip=198.41.200.43
2026-09-22T07:47:22Z ERR Failed to dial a quic connection error="failed to dial to edge with quic: write udp4 0.0.0.0:55536->198.41.200.43:7844: sendmsg: network is unreachable" connIndex=0 event=0 ip=198.41.200.43
2026-09-22T07:47:22Z INF Retrying connection in up to 32s connIndex=0 event=0 ip=198.41.200.43
2026-09-22T07:47:26Z INF Tunnel connection curve preferences: [X25519MLKEM768 CurveID(65074) CurveP256] connIndex=0 event=0 ip=2606:4700:a8::3
2026-09-22T07:47:26Z ERR Failed to dial a quic connection error="failed to dial to edge with quic: write udp6 [::]:55536->[2606:4700:a8::3]:7844: sendmsg: no route to host" connIndex=0 event=0 ip=2606:4700:a8::3
2026-09-22T07:47:26Z INF Retrying connection in up to 1m4s connIndex=0 event=0 ip=2606:4700:a8::3
2026-09-22T07:47:28Z INF Tunnel connection curve preferences: [X25519MLKEM768 CurveID(65074) CurveP256] connIndex=2 event=0 ip=198.41.192.107
2026-09-22T07:47:28Z INF Tunnel connection curve preferences: [X25519MLKEM768 CurveID(65074) CurveP256] connIndex=1 event=0 ip=2606:4700:a0::5
2026-09-22T07:47:28Z INF Tunnel connection curve preferences: [X25519MLKEM768 CurveID(65074) CurveP256] connIndex=3 event=0 ip=198.41.200.193
2026-09-22T07:47:28Z ERR Failed to dial a quic connection error="failed to dial to edge with quic: write udp4 0.0.0.0:52551->198.41.200.193:7844: sendmsg: network is unreachable" connIndex=3 event=0 ip=198.41.200.193
2026-09-22T07:47:28Z ERR Failed to dial a quic connection error="failed to dial to edge with quic: write udp6 [::]:53854->[2606:4700:a0::5]:7844: sendmsg: no route to host" connIndex=1 event=0 ip=2606:4700:a0::5
2026-09-22T07:47:28Z INF Retrying connection in up to 16s connIndex=3 event=0 ip=198.41.200.193
2026-09-22T07:47:28Z INF Retrying connection in up to 8s connIndex=1 event=0 ip=2606:4700:a0::5
2026-09-22T07:47:28Z ERR Failed to dial a quic connection error="failed to dial to edge with quic: write udp4 0.0.0.0:49909->198.41.192.107:7844: sendmsg: network is unreachable" connIndex=2 event=0 ip=198.41.192.107
2026-09-22T07:47:28Z INF Retrying connection in up to 16s connIndex=2 event=0 ip=198.41.192.107
2026-09-22T07:47:30Z ERR Connection terminated error="failed to dial to edge with quic: write udp6 [::]:53854->[2606:4700:a0::5]:7844: sendmsg: no route to host" connIndex=1
2026-09-22T07:47:35Z ERR Connection terminated error="failed to dial to edge with quic: write udp4 0.0.0.0:49909->198.41.192.107:7844: sendmsg: network is unreachable" connIndex=2
2026-09-22T07:47:36Z ERR Connection terminated error="failed to dial to edge with quic: write udp4 0.0.0.0:52551->198.41.200.193:7844: sendmsg: network is unreachable" connIndex=3
2026-09-22T07:47:56Z INF Tunnel connection curve preferences: [X25519MLKEM768 CurveID(65074) CurveP256] connIndex=0 event=0 ip=198.41.192.27
2026-09-22T07:47:56Z ERR Failed to dial a quic connection error="failed to dial to edge with quic: write udp4 0.0.0.0:55536->198.41.192.27:7844: sendmsg: network is unreachable" connIndex=0 event=0 ip=198.41.192.27
2026-09-22T07:47:56Z INF Retrying connection in up to 1m4s connIndex=0 event=0 ip=198.41.192.27
2026-09-22T07:48:04Z INF Tunnel connection curve preferences: [X25519MLKEM768 CurveID(65074) CurveP256] connIndex=0 event=0 ip=2606:4700:a0::5
2026-09-22T07:48:04Z ERR Failed to dial a quic connection error="failed to dial to edge with quic: write udp6 [::]:55536->[2606:4700:a0::5]:7844: sendmsg: no route to host" connIndex=0 event=0 ip=2606:4700:a0::5
2026-09-22T07:48:04Z INF Retrying connection in up to 1m4s connIndex=0 event=0 ip=2606:4700:a0::5
2026-09-22T07:48:25Z INF Tunnel connection curve preferences: [X25519MLKEM768 CurveID(65074) CurveP256] connIndex=0 event=0 ip=198.41.192.77
2026-09-22T07:48:25Z ERR Failed to dial a quic connection error="failed to dial to edge with quic: write udp4 0.0.0.0:55536->198.41.192.77:7844: sendmsg: network is unreachable" connIndex=0 event=0 ip=198.41.192.77
2026-09-22T07:48:25Z INF Retrying connection in up to 1m4s connIndex=0 event=0 ip=198.41.192.77
2026-09-22T07:48:26Z INF Tunnel connection curve preferences: [X25519MLKEM768 CurveID(65074) CurveP256] connIndex=0 event=0 ip=2606:4700:a0::6
2026-09-22T07:48:26Z ERR Failed to dial a quic connection error="failed to dial to edge with quic: write udp6 [::]:55536->[2606:4700:a0::6]:7844: sendmsg: no route to host" connIndex=0 event=0 ip=2606:4700:a0::6
2026-09-22T07:48:26Z INF Retrying connection in up to 1m4s connIndex=0 event=0 ip=2606:4700:a0::6
2026-09-22T07:48:32Z INF Tunnel connection curve preferences: [X25519MLKEM768 CurveID(65074) CurveP256] connIndex=0 event=0 ip=198.41.192.107
2026-09-22T07:48:32Z ERR Failed to dial a quic connection error="failed to dial to edge with quic: write udp4 0.0.0.0:55536->198.41.192.107:7844: sendmsg: network is unreachable" connIndex=0 event=0 ip=198.41.192.107
2026-09-22T07:48:32Z INF Retrying connection in up to 1m4s connIndex=0 event=0 ip=198.41.192.107
2026-09-22T07:48:36Z INF Tunnel connection curve preferences: [X25519MLKEM768 CurveID(65074) CurveP256] connIndex=0 event=0 ip=2606:4700:a0::2
2026-09-22T07:48:36Z ERR Failed to dial a quic connection error="failed to dial to edge with quic: write udp6 [::]:55536->[2606:4700:a0::2]:7844: sendmsg: no route to host" connIndex=0 event=0 ip=2606:4700:a0::2
2026-09-22T07:48:36Z INF Retrying connection in up to 1m4s connIndex=0 event=0 ip=2606:4700:a0::2
2026-09-22T07:48:37Z INF Tunnel connection curve preferences: [X25519MLKEM768 CurveID(65074) CurveP256] connIndex=0 event=0 ip=198.41.192.57
2026-09-22T07:48:37Z ERR Failed to dial a quic connection error="failed to dial to edge with quic: write udp4 0.0.0.0:55536->198.41.192.57:7844: sendmsg: network is unreachable" connIndex=0 event=0 ip=198.41.192.57
2026-09-22T07:48:37Z INF Retrying connection in up to 1m4s connIndex=0 event=0 ip=198.41.192.57
2026-09-22T07:48:59Z INF Tunnel connection curve preferences: [X25519MLKEM768 CurveID(65074) CurveP256] connIndex=0 event=0 ip=2606:4700:a0::2
2026-09-22T07:48:59Z ERR Failed to dial a quic connection error="failed to dial to edge with quic: write udp6 [::]:55536->[2606:4700:a0::2]:7844: sendmsg: no route to host" connIndex=0 event=0 ip=2606:4700:a0::2
2026-09-22T07:48:59Z INF Retrying connection in up to 1m4s connIndex=0 event=0 ip=2606:4700:a0::2
2026-09-22T07:49:03Z INF Tunnel connection curve preferences: [X25519MLKEM768 CurveID(65074) CurveP256] connIndex=0 event=0 ip=198.41.192.77
2026-09-22T07:49:04Z INF Registered tunnel connection connIndex=0 connection=da5aa6ea-be9c-4e9a-813e-b28b090a03f6 event=0 ip=198.41.192.77 location=yul01 protocol=quic
2026-09-22T07:49:13Z ERR failed to accept incoming stream requests error="failed to accept QUIC stream: write udp4 0.0.0.0:55536->198.41.192.77:7844: sendmsg: network is unreachable" connIndex=0 event=0 ip=198.41.192.77
2026-09-22T07:49:13Z ERR failed to run the datagram handler error="context canceled" connIndex=0 event=0 ip=198.41.192.77
2026-09-22T07:49:13Z ERR failed to serve tunnel connection error="accept stream listener encountered a failure while serving" connIndex=0 event=0 ip=198.41.192.77
2026-09-22T07:49:13Z ERR Serve tunnel error error="accept stream listener encountered a failure while serving" connIndex=0 event=0 ip=198.41.192.77
2026-09-22T07:49:13Z INF Retrying connection in up to 1s connIndex=0 event=0 ip=198.41.192.77
2026-09-22T07:49:14Z INF Tunnel connection curve preferences: [X25519MLKEM768 CurveID(65074) CurveP256] connIndex=0 event=0 ip=198.41.192.77
2026-09-22T07:49:14Z ERR Failed to dial a quic connection error="failed to dial to edge with quic: write udp4 0.0.0.0:55536->198.41.192.77:7844: sendmsg: network is unreachable" connIndex=0 event=0 ip=198.41.192.77
2026-09-22T07:49:14Z INF Retrying connection in up to 4s connIndex=0 event=0 ip=198.41.192.77
2026-09-22T07:49:17Z INF Tunnel connection curve preferences: [X25519MLKEM768 CurveID(65074) CurveP256] connIndex=0 event=0 ip=2606:4700:a0::6
2026-09-22T07:49:17Z INF Registered tunnel connection connIndex=0 connection=70310067-84b8-44e2-af07-c7db7c5551e2 event=0 ip=2606:4700:a0::6 location=yul01 protocol=quic
2026-09-22T07:49:18Z ERR failed to run the datagram handler error="write udp6 [::]:55536->[2606:4700:a0::6]:7844: sendmsg: no route to host" connIndex=0 event=0 ip=2606:4700:a0::6
2026-09-22T07:49:18Z ERR failed to accept incoming stream requests error="failed to accept QUIC stream: write udp6 [::]:55536->[2606:4700:a0::6]:7844: sendmsg: no route to host" connIndex=0 event=0 ip=2606:4700:a0::6
2026-09-22T07:49:18Z ERR unable to send local configuration error="rpc: connection closed"
2026-09-22T07:49:18Z ERR failed to serve tunnel connection error="datagram manager encountered a failure while serving" connIndex=0 event=0 ip=2606:4700:a0::6
2026-09-22T07:49:18Z ERR Serve tunnel error error="datagram manager encountered a failure while serving" connIndex=0 event=0 ip=2606:4700:a0::6
2026-09-22T07:49:18Z INF Retrying connection in up to 1s connIndex=0 event=0 ip=2606:4700:a0::6
2026-09-22T07:49:18Z INF Tunnel connection curve preferences: [X25519MLKEM768 CurveID(65074) CurveP256] connIndex=0 event=0 ip=2606:4700:a0::6
2026-09-22T07:49:18Z ERR Failed to dial a quic connection error="failed to dial to edge with quic: write udp6 [::]:55536->[2606:4700:a0::6]:7844: sendmsg: no route to host" connIndex=0 event=0 ip=2606:4700:a0::6
2026-09-22T07:49:18Z INF Retrying connection in up to 4s connIndex=0 event=0 ip=2606:4700:a0::6
2026-09-22T07:49:18Z INF Tunnel connection curve preferences: [X25519MLKEM768 CurveID(65074) CurveP256] connIndex=0 event=0 ip=198.41.192.47
2026-09-22T07:49:18Z ERR Failed to dial a quic connection error="failed to dial to edge with quic: write udp4 0.0.0.0:55536->198.41.192.47:7844: sendmsg: network is unreachable" connIndex=0 event=0 ip=198.41.192.47
2026-09-22T07:49:18Z INF Retrying connection in up to 8s connIndex=0 event=0 ip=198.41.192.47
2026-09-22T07:49:25Z INF Tunnel connection curve preferences: [X25519MLKEM768 CurveID(65074) CurveP256] connIndex=0 event=0 ip=2606:4700:a0::5
2026-09-22T07:49:25Z INF Registered tunnel connection connIndex=0 connection=80d56058-2ff8-4509-8a29-e0c7b82776eb event=0 ip=2606:4700:a0::5 location=yul01 protocol=quic
2026-09-22T07:49:27Z INF Tunnel connection curve preferences: [X25519MLKEM768 CurveID(65074) CurveP256] connIndex=1 event=0 ip=2606:4700:a8::4
2026-09-22T07:49:27Z INF Tunnel connection curve preferences: [X25519MLKEM768 CurveID(65074) CurveP256] connIndex=3 event=0 ip=2606:4700:a8::6
2026-09-22T07:49:27Z INF Tunnel connection curve preferences: [X25519MLKEM768 CurveID(65074) CurveP256] connIndex=2 event=0 ip=2606:4700:a0::1
2026-09-22T07:49:27Z INF Registered tunnel connection connIndex=1 connection=ef723af1-61f1-4751-9db2-97f6b62b322d event=0 ip=2606:4700:a8::4 location=yyz04 protocol=quic
2026-09-22T07:49:27Z INF Registered tunnel connection connIndex=2 connection=1ef14115-8965-4c50-85d6-9dee1a94f7bb event=0 ip=2606:4700:a0::1 location=yul01 protocol=quic
2026-09-22T07:49:27Z INF Registered tunnel connection connIndex=3 connection=6eaba95b-72d0-47a2-aa86-fcd0c2d97bb6 event=0 ip=2606:4700:a8::6 location=yyz04 protocol=quic
2026-09-22T07:50:23Z ERR failed to accept incoming stream requests error="failed to accept QUIC stream: write udp6 [::]:53854->[2606:4700:a8::4]:7844: sendmsg: no route to host" connIndex=1 event=0 ip=2606:4700:a8::4
2026-09-22T07:50:23Z ERR failed to run the datagram handler error="write udp6 [::]:53854->[2606:4700:a8::4]:7844: sendmsg: no route to host" connIndex=1 event=0 ip=2606:4700:a8::4
2026-09-22T07:50:23Z WRN failed to serve tunnel connection error="accept stream listener encountered a failure while serving" connIndex=1 event=0 ip=2606:4700:a8::4
2026-09-22T07:50:23Z WRN Serve tunnel error error="accept stream listener encountered a failure while serving" connIndex=1 event=0 ip=2606:4700:a8::4
2026-09-22T07:50:23Z INF Retrying connection in up to 1s connIndex=1 event=0 ip=2606:4700:a8::4
2026-09-22T07:50:23Z ERR failed to accept incoming stream requests error="failed to accept QUIC stream: write udp6 [::]:49909->[2606:4700:a0::1]:7844: sendmsg: no route to host" connIndex=2 event=0 ip=2606:4700:a0::1
2026-09-22T07:50:23Z ERR failed to run the datagram handler error="write udp6 [::]:49909->[2606:4700:a0::1]:7844: sendmsg: no route to host" connIndex=2 event=0 ip=2606:4700:a0::1
2026-09-22T07:50:23Z WRN failed to serve tunnel connection error="accept stream listener encountered a failure while serving" connIndex=2 event=0 ip=2606:4700:a0::1
2026-09-22T07:50:23Z WRN Serve tunnel error error="accept stream listener encountered a failure while serving" connIndex=2 event=0 ip=2606:4700:a0::1
2026-09-22T07:50:23Z INF Retrying connection in up to 1s connIndex=2 event=0 ip=2606:4700:a0::1
2026-09-22T07:50:23Z ERR failed to accept incoming stream requests error="failed to accept QUIC stream: write udp6 [::]:55536->[2606:4700:a0::5]:7844: sendmsg: no route to host" connIndex=0 event=0 ip=2606:4700:a0::5
2026-09-22T07:50:23Z ERR failed to run the datagram handler error="write udp6 [::]:55536->[2606:4700:a0::5]:7844: sendmsg: no route to host" connIndex=0 event=0 ip=2606:4700:a0::5
2026-09-22T07:50:23Z WRN failed to serve tunnel connection error="accept stream listener encountered a failure while serving" connIndex=0 event=0 ip=2606:4700:a0::5
2026-09-22T07:50:23Z WRN Serve tunnel error error="accept stream listener encountered a failure while serving" connIndex=0 event=0 ip=2606:4700:a0::5
2026-09-22T07:50:23Z INF Retrying connection in up to 1s connIndex=0 event=0 ip=2606:4700:a0::5
2026-09-22T07:50:23Z ERR failed to accept incoming stream requests error="failed to accept QUIC stream: write udp6 [::]:52551->[2606:4700:a8::6]:7844: sendmsg: no route to host" connIndex=3 event=0 ip=2606:4700:a8::6
2026-09-22T07:50:23Z ERR failed to run the datagram handler error="write udp6 [::]:52551->[2606:4700:a8::6]:7844: sendmsg: no route to host" connIndex=3 event=0 ip=2606:4700:a8::6
2026-09-22T07:50:23Z ERR failed to serve tunnel connection error="accept stream listener encountered a failure while serving" connIndex=3 event=0 ip=2606:4700:a8::6
2026-09-22T07:50:23Z ERR Serve tunnel error error="accept stream listener encountered a failure while serving" connIndex=3 event=0 ip=2606:4700:a8::6
2026-09-22T07:50:23Z INF Retrying connection in up to 1s connIndex=3 event=0 ip=2606:4700:a8::6
2026-09-22T07:50:23Z INF Tunnel connection curve preferences: [X25519MLKEM768 CurveID(65074) CurveP256] connIndex=0 event=0 ip=2606:4700:a0::5
2026-09-22T07:50:23Z ERR Failed to dial a quic connection error="failed to dial to edge with quic: write udp6 [::]:55536->[2606:4700:a0::5]:7844: sendmsg: no route to host" connIndex=0 event=0 ip=2606:4700:a0::5
2026-09-22T07:50:23Z INF Retrying connection in up to 4s connIndex=0 event=0 ip=2606:4700:a0::5
2026-09-22T07:50:24Z ERR Connection terminated error="accept stream listener encountered a failure while serving" connIndex=1
2026-09-22T07:50:24Z ERR Connection terminated error="accept stream listener encountered a failure while serving" connIndex=3
2026-09-22T07:50:25Z ERR Connection terminated error="accept stream listener encountered a failure while serving" connIndex=2
2026-09-22T07:50:27Z INF Tunnel connection curve preferences: [X25519MLKEM768 CurveID(65074) CurveP256] connIndex=0 event=0 ip=198.41.192.37
2026-09-22T07:50:27Z INF Registered tunnel connection connIndex=0 connection=544409a9-000a-4bd7-b352-8eb62b59000c event=0 ip=198.41.192.37 location=yul01 protocol=quic
2026-09-22T07:50:42Z INF Tunnel connection curve preferences: [X25519MLKEM768 CurveID(65074) CurveP256] connIndex=2 event=0 ip=2606:4700:a0::1
2026-09-22T07:50:42Z INF Tunnel connection curve preferences: [X25519MLKEM768 CurveID(65074) CurveP256] connIndex=1 event=0 ip=2606:4700:a8::4
2026-09-22T07:50:42Z INF Tunnel connection curve preferences: [X25519MLKEM768 CurveID(65074) CurveP256] connIndex=3 event=0 ip=2606:4700:a8::6
2026-09-22T07:50:42Z INF Registered tunnel connection connIndex=2 connection=d16ec03c-6ab9-47b8-b371-bf358fdbe0e5 event=0 ip=2606:4700:a0::1 location=yul01 protocol=quic
2026-09-22T07:50:42Z INF Registered tunnel connection connIndex=1 connection=f91da349-0c1b-4ffc-a73e-82af93930065 event=0 ip=2606:4700:a8::4 location=yyz04 protocol=quic
2026-09-22T07:50:42Z INF Registered tunnel connection connIndex=3 connection=a1ee0cdd-fb37-4ae9-bf7e-913b681d5fd0 event=0 ip=2606:4700:a8::6 location=yyz04 protocol=quic
2026-09-22T08:18:20Z ERR failed to accept incoming stream requests error="failed to accept QUIC stream: Application error 0x0 (remote)" connIndex=2 event=0 ip=2606:4700:a0::1
2026-09-22T08:18:20Z ERR failed to run the datagram handler error="Application error 0x0 (remote)" connIndex=2 event=0 ip=2606:4700:a0::1
2026-09-22T08:18:20Z WRN failed to serve tunnel connection error="accept stream listener encountered a failure while serving" connIndex=2 event=0 ip=2606:4700:a0::1
2026-09-22T08:18:20Z WRN Serve tunnel error error="accept stream listener encountered a failure while serving" connIndex=2 event=0 ip=2606:4700:a0::1
2026-09-22T08:18:20Z INF Retrying connection in up to 1s connIndex=2 event=0 ip=2606:4700:a0::1
2026-09-22T08:18:22Z WRN Connection terminated error="accept stream listener encountered a failure while serving" connIndex=2
2026-09-22T08:18:36Z INF Tunnel connection curve preferences: [X25519MLKEM768 CurveID(65074) CurveP256] connIndex=2 event=0 ip=2606:4700:a0::1
2026-09-22T08:18:36Z INF Registered tunnel connection connIndex=2 connection=5c6af57f-d9b8-4926-a415-f070095c1871 event=0 ip=2606:4700:a0::1 location=yul01 protocol=quic
2026-09-22T13:10:42Z ERR failed to accept incoming stream requests error="failed to accept QUIC stream: Application error 0x0 (remote)" connIndex=0 event=0 ip=198.41.192.37
2026-09-22T13:10:42Z ERR failed to run the datagram handler error="Application error 0x0 (remote)" connIndex=0 event=0 ip=198.41.192.37
2026-09-22T13:10:42Z WRN failed to serve tunnel connection error="accept stream listener encountered a failure while serving" connIndex=0 event=0 ip=198.41.192.37
2026-09-22T13:10:42Z WRN Serve tunnel error error="accept stream listener encountered a failure while serving" connIndex=0 event=0 ip=198.41.192.37
2026-09-22T13:10:42Z INF Retrying connection in up to 1s connIndex=0 event=0 ip=198.41.192.37
2026-09-22T13:10:44Z INF Tunnel connection curve preferences: [X25519MLKEM768 CurveID(65074) CurveP256] connIndex=0 event=0 ip=198.41.192.37
2026-09-22T13:10:49Z WRN Failed to dial a quic connection error="failed to dial to edge with quic: timeout: no recent network activity" connIndex=0 event=0 ip=198.41.192.37
2026-09-22T13:10:49Z INF Retrying connection in up to 4s connIndex=0 event=0 ip=198.41.192.37
2026-09-22T13:10:53Z INF Tunnel connection curve preferences: [X25519MLKEM768 CurveID(65074) CurveP256] connIndex=0 event=0 ip=2606:4700:a0::9
2026-09-22T13:10:53Z INF Registered tunnel connection connIndex=0 connection=5c79097a-118a-491f-b6f8-cda2584df0b9 event=0 ip=2606:4700:a0::9 location=yul01 protocol=quic
2026-09-22T13:27:53Z ERR failed to run the datagram handler error="Application error 0x0 (remote)" connIndex=0 event=0 ip=2606:4700:a0::9
2026-09-22T13:27:53Z ERR failed to accept incoming stream requests error="failed to accept QUIC stream: Application error 0x0 (remote)" connIndex=0 event=0 ip=2606:4700:a0::9
2026-09-22T13:27:53Z WRN failed to serve tunnel connection error="datagram manager encountered a failure while serving" connIndex=0 event=0 ip=2606:4700:a0::9
2026-09-22T13:27:53Z WRN Serve tunnel error error="datagram manager encountered a failure while serving" connIndex=0 event=0 ip=2606:4700:a0::9
2026-09-22T13:27:53Z INF Retrying connection in up to 1s connIndex=0 event=0 ip=2606:4700:a0::9
2026-09-22T13:27:53Z INF Tunnel connection curve preferences: [X25519MLKEM768 CurveID(65074) CurveP256] connIndex=0 event=0 ip=2606:4700:a0::9
2026-09-22T13:27:58Z WRN Failed to dial a quic connection error="failed to dial to edge with quic: timeout: no recent network activity" connIndex=0 event=0 ip=2606:4700:a0::9
2026-09-22T13:27:58Z INF Retrying connection in up to 4s connIndex=0 event=0 ip=2606:4700:a0::9
2026-09-22T13:28:02Z INF Tunnel connection curve preferences: [X25519MLKEM768 CurveID(65074) CurveP256] connIndex=0 event=0 ip=198.41.192.107
2026-09-22T13:28:02Z INF Registered tunnel connection connIndex=0 connection=a0a8bf64-4916-4c75-a2d5-6868b0d46f5b event=0 ip=198.41.192.107 location=yul01 protocol=quic
2026-09-23T01:39:06Z WRN Your version 2026.7.2 is outdated. We recommend upgrading it to 2026.9.1
2026-09-23T06:05:29Z ERR failed to run the datagram handler error="timeout: no recent network activity" connIndex=2 event=0 ip=2606:4700:a0::1
2026-09-23T06:05:29Z ERR failed to accept incoming stream requests error="failed to accept QUIC stream: timeout: no recent network activity" connIndex=2 event=0 ip=2606:4700:a0::1
2026-09-23T06:05:29Z WRN failed to serve tunnel connection error="datagram manager encountered a failure while serving" connIndex=2 event=0 ip=2606:4700:a0::1
2026-09-23T06:05:29Z WRN Serve tunnel error error="datagram manager encountered a failure while serving" connIndex=2 event=0 ip=2606:4700:a0::1
2026-09-23T06:05:29Z INF Retrying connection in up to 1s connIndex=2 event=0 ip=2606:4700:a0::1
2026-09-23T06:05:31Z WRN Connection terminated error="datagram manager encountered a failure while serving" connIndex=2
2026-09-23T06:05:41Z INF Tunnel connection curve preferences: [X25519MLKEM768 CurveID(65074) CurveP256] connIndex=2 event=0 ip=2606:4700:a0::1
2026-09-23T06:05:41Z INF Registered tunnel connection connIndex=2 connection=dca5cf7c-903f-45bd-b76b-3d33fe6a0dff event=0 ip=2606:4700:a0::1 location=yul01 protocol=quic
2026-09-23T08:59:09Z ERR failed to accept incoming stream requests error="failed to accept QUIC stream: timeout: no recent network activity" connIndex=1 event=0 ip=2606:4700:a8::4
2026-09-23T08:59:09Z ERR failed to run the datagram handler error="timeout: no recent network activity" connIndex=1 event=0 ip=2606:4700:a8::4
2026-09-23T08:59:09Z WRN failed to serve tunnel connection error="accept stream listener encountered a failure while serving" connIndex=1 event=0 ip=2606:4700:a8::4
2026-09-23T08:59:09Z WRN Serve tunnel error error="accept stream listener encountered a failure while serving" connIndex=1 event=0 ip=2606:4700:a8::4
2026-09-23T08:59:09Z INF Retrying connection in up to 1s connIndex=1 event=0 ip=2606:4700:a8::4
2026-09-23T08:59:11Z WRN Connection terminated error="accept stream listener encountered a failure while serving" connIndex=1
2026-09-23T08:59:22Z INF Tunnel connection curve preferences: [X25519MLKEM768 CurveID(65074) CurveP256] connIndex=1 event=0 ip=2606:4700:a8::4
2026-09-23T08:59:22Z INF Registered tunnel connection connIndex=1 connection=c8f69bb0-d20c-4fa1-a891-1b8d237d9182 event=0 ip=2606:4700:a8::4 location=yyz04 protocol=quic
2026-09-23T09:02:50Z ERR failed to accept incoming stream requests error="failed to accept QUIC stream: timeout: no recent network activity" connIndex=3 event=0 ip=2606:4700:a8::6
2026-09-23T09:02:50Z ERR failed to run the datagram handler error="timeout: no recent network activity" connIndex=3 event=0 ip=2606:4700:a8::6
2026-09-23T09:02:50Z WRN failed to serve tunnel connection error="accept stream listener encountered a failure while serving" connIndex=3 event=0 ip=2606:4700:a8::6
2026-09-23T09:02:50Z WRN Serve tunnel error error="accept stream listener encountered a failure while serving" connIndex=3 event=0 ip=2606:4700:a8::6
2026-09-23T09:02:50Z INF Retrying connection in up to 1s connIndex=3 event=0 ip=2606:4700:a8::6
2026-09-23T09:02:50Z WRN Connection terminated error="accept stream listener encountered a failure while serving" connIndex=3
2026-09-23T09:02:52Z INF Tunnel connection curve preferences: [X25519MLKEM768 CurveID(65074) CurveP256] connIndex=3 event=0 ip=2606:4700:a8::6
2026-09-23T09:02:52Z ERR failed to run the datagram handler error="Application error 0x0 (remote)" connIndex=3 event=0 ip=2606:4700:a8::6
2026-09-23T09:02:52Z ERR failed to accept incoming stream requests error="failed to accept QUIC stream: Application error 0x0 (remote)" connIndex=3 event=0 ip=2606:4700:a8::6
2026-09-23T09:02:52Z WRN failed to serve tunnel connection error="datagram manager encountered a failure while serving" connIndex=3 event=0 ip=2606:4700:a8::6
2026-09-23T09:02:52Z WRN Serve tunnel error error="datagram manager encountered a failure while serving" connIndex=3 event=0 ip=2606:4700:a8::6
2026-09-23T09:02:52Z INF Retrying connection in up to 4s connIndex=3 event=0 ip=2606:4700:a8::6
2026-09-23T09:02:53Z WRN Connection terminated error="datagram manager encountered a failure while serving" connIndex=3
2026-09-23T09:03:14Z INF Tunnel connection curve preferences: [X25519MLKEM768 CurveID(65074) CurveP256] connIndex=3 event=0 ip=2606:4700:a8::6
2026-09-23T09:03:15Z ERR failed to accept incoming stream requests error="failed to accept QUIC stream: Application error 0x0 (remote)" connIndex=3 event=0 ip=2606:4700:a8::6
2026-09-23T09:03:15Z ERR failed to run the datagram handler error="Application error 0x0 (remote)" connIndex=3 event=0 ip=2606:4700:a8::6
2026-09-23T09:03:15Z WRN failed to serve tunnel connection error="control stream encountered a failure while serving" connIndex=3 event=0 ip=2606:4700:a8::6
2026-09-23T09:03:15Z WRN Serve tunnel error error="control stream encountered a failure while serving" connIndex=3 event=0 ip=2606:4700:a8::6
2026-09-23T09:03:15Z INF Retrying connection in up to 8s connIndex=3 event=0 ip=2606:4700:a8::6
2026-09-23T09:03:19Z WRN Connection terminated error="control stream encountered a failure while serving" connIndex=3
2026-09-23T09:03:59Z INF Tunnel connection curve preferences: [X25519MLKEM768 CurveID(65074) CurveP256] connIndex=3 event=0 ip=2606:4700:a8::6
2026-09-23T09:03:59Z ERR failed to accept incoming stream requests error="failed to accept QUIC stream: Application error 0x0 (remote)" connIndex=3 event=0 ip=2606:4700:a8::6
2026-09-23T09:03:59Z ERR failed to run the datagram handler error="context canceled" connIndex=3 event=0 ip=2606:4700:a8::6
2026-09-23T09:03:59Z WRN failed to serve tunnel connection error="control stream encountered a failure while serving" connIndex=3 event=0 ip=2606:4700:a8::6
2026-09-23T09:03:59Z WRN Serve tunnel error error="control stream encountered a failure while serving" connIndex=3 event=0 ip=2606:4700:a8::6
2026-09-23T09:03:59Z INF Retrying connection in up to 16s connIndex=3 event=0 ip=2606:4700:a8::6
2026-09-23T09:04:04Z WRN Connection terminated error="control stream encountered a failure while serving" connIndex=3
2026-09-23T09:04:25Z INF Tunnel connection curve preferences: [X25519MLKEM768 CurveID(65074) CurveP256] connIndex=3 event=0 ip=2606:4700:a8::6
2026-09-23T09:04:25Z INF Registered tunnel connection connIndex=3 connection=5eba1fd9-85bd-4c9a-8f82-cc91b9acf8bd event=0 ip=2606:4700:a8::6 location=yyz04 protocol=quic
2026-09-23T17:01:30Z ERR failed to run the datagram handler error="write udp6 [::]:52551->[2606:4700:a8::6]:7844: sendmsg: no route to host" connIndex=3 event=0 ip=2606:4700:a8::6
2026-09-23T17:01:30Z ERR failed to accept incoming stream requests error="failed to accept QUIC stream: write udp6 [::]:52551->[2606:4700:a8::6]:7844: sendmsg: no route to host" connIndex=3 event=0 ip=2606:4700:a8::6
2026-09-23T17:01:30Z WRN failed to serve tunnel connection error="datagram manager encountered a failure while serving" connIndex=3 event=0 ip=2606:4700:a8::6
2026-09-23T17:01:30Z WRN Serve tunnel error error="datagram manager encountered a failure while serving" connIndex=3 event=0 ip=2606:4700:a8::6
2026-09-23T17:01:30Z INF Retrying connection in up to 1s connIndex=3 event=0 ip=2606:4700:a8::6
2026-09-23T17:01:30Z ERR failed to run the datagram handler error="write udp6 [::]:53854->[2606:4700:a8::4]:7844: sendmsg: no route to host" connIndex=1 event=0 ip=2606:4700:a8::4
2026-09-23T17:01:30Z ERR failed to accept incoming stream requests error="failed to accept QUIC stream: write udp6 [::]:53854->[2606:4700:a8::4]:7844: sendmsg: no route to host" connIndex=1 event=0 ip=2606:4700:a8::4
2026-09-23T17:01:30Z WRN failed to serve tunnel connection error="datagram manager encountered a failure while serving" connIndex=1 event=0 ip=2606:4700:a8::4
2026-09-23T17:01:30Z WRN Serve tunnel error error="datagram manager encountered a failure while serving" connIndex=1 event=0 ip=2606:4700:a8::4
2026-09-23T17:01:30Z INF Retrying connection in up to 1s connIndex=1 event=0 ip=2606:4700:a8::4
2026-09-23T17:01:30Z ERR failed to run the datagram handler error="write udp6 [::]:49909->[2606:4700:a0::1]:7844: sendmsg: no route to host" connIndex=2 event=0 ip=2606:4700:a0::1
2026-09-23T17:01:30Z ERR failed to accept incoming stream requests error="failed to accept QUIC stream: write udp6 [::]:49909->[2606:4700:a0::1]:7844: sendmsg: no route to host" connIndex=2 event=0 ip=2606:4700:a0::1
2026-09-23T17:01:30Z WRN failed to serve tunnel connection error="datagram manager encountered a failure while serving" connIndex=2 event=0 ip=2606:4700:a0::1
2026-09-23T17:01:30Z WRN Serve tunnel error error="datagram manager encountered a failure while serving" connIndex=2 event=0 ip=2606:4700:a0::1
2026-09-23T17:01:30Z INF Retrying connection in up to 1s connIndex=2 event=0 ip=2606:4700:a0::1
2026-09-23T17:01:31Z ERR failed to run the datagram handler error="write udp4 0.0.0.0:55536->198.41.192.107:7844: sendmsg: network is unreachable" connIndex=0 event=0 ip=198.41.192.107
2026-09-23T17:01:31Z ERR failed to accept incoming stream requests error="failed to accept QUIC stream: write udp4 0.0.0.0:55536->198.41.192.107:7844: sendmsg: network is unreachable" connIndex=0 event=0 ip=198.41.192.107
2026-09-23T17:01:31Z ERR failed to serve tunnel connection error="datagram manager encountered a failure while serving" connIndex=0 event=0 ip=198.41.192.107
2026-09-23T17:01:31Z ERR Serve tunnel error error="datagram manager encountered a failure while serving" connIndex=0 event=0 ip=198.41.192.107
2026-09-23T17:01:31Z INF Retrying connection in up to 1s connIndex=0 event=0 ip=198.41.192.107
2026-09-23T17:01:31Z ERR Failed to refresh protocol error="lookup protocol-v2.argotunnel.com on 100.100.100.100:53: no such host"
2026-09-23T17:01:31Z ERR Connection terminated error="datagram manager encountered a failure while serving" connIndex=2
2026-09-23T17:01:32Z ERR Connection terminated error="datagram manager encountered a failure while serving" connIndex=3
2026-09-23T17:01:32Z ERR Connection terminated error="datagram manager encountered a failure while serving" connIndex=1
2026-09-23T17:01:32Z INF Tunnel connection curve preferences: [X25519MLKEM768 CurveID(65074) CurveP256] connIndex=0 event=0 ip=198.41.192.107
2026-09-23T17:01:32Z INF Registered tunnel connection connIndex=0 connection=e2258f75-af77-458c-9114-bc394a4ee54b event=0 ip=198.41.192.107 location=yul01 protocol=quic
2026-09-23T17:01:46Z INF Tunnel connection curve preferences: [X25519MLKEM768 CurveID(65074) CurveP256] connIndex=2 event=0 ip=2606:4700:a0::1
2026-09-23T17:01:46Z INF Tunnel connection curve preferences: [X25519MLKEM768 CurveID(65074) CurveP256] connIndex=3 event=0 ip=2606:4700:a8::6
2026-09-23T17:01:46Z INF Tunnel connection curve preferences: [X25519MLKEM768 CurveID(65074) CurveP256] connIndex=1 event=0 ip=2606:4700:a8::4
2026-09-23T17:01:46Z INF Registered tunnel connection connIndex=1 connection=48f345c6-d992-4259-b37b-585378da465a event=0 ip=2606:4700:a8::4 location=yyz04 protocol=quic
2026-09-23T17:01:46Z INF Registered tunnel connection connIndex=2 connection=1767154e-5b2f-4327-bb61-6216773412a2 event=0 ip=2606:4700:a0::1 location=yul01 protocol=quic
2026-09-23T17:01:46Z INF Registered tunnel connection connIndex=3 connection=c6fa486f-ff6b-45c3-a84f-153c34d3d4f2 event=0 ip=2606:4700:a8::6 location=yyz06 protocol=quic
